effective_date,symbol,adj_open,adj_high,adj_low,adj_close,adj_volume,bb_middle,bb_upper,bb_lower,kc_middle,kc_2_upper,kc_2_lower,kc_3_upper,kc_3_lower,kc_1_upper,kc_1_lower,macd,wave_a,wave_b,wave_c,macd_up,squeeze,squeeze_value
2018-02-23,MSFT,92.75,94.07,92.36,94.06,25779955.0,91.4595,96.304368,86.614632,91.155589,95.818421,86.492757,98.149837,84.161341,93.487005,88.824173,,,,,False,False,0
2018-02-22,MSFT,92.05,92.73,91.36,91.74,22723756.0,91.373,96.089126,86.656874,90.849861,95.512911,86.186811,97.844436,83.855286,93.181386,88.518336,,,,,False,False,0
2018-02-21,MSFT,92.98,93.3595,91.49,91.49,26081953.0,91.377,96.0945,86.6595,90.756163,95.567139,85.945187,97.972627,83.539699,93.161651,88.350675,,,,,False,False,0
2018-02-20,MSFT,91.475,93.06,91.01,92.72,30107057.0,91.3975,96.120346,86.674654,90.678917,95.572353,85.785481,98.019071,83.338763,93.125635,88.232199,,,,,False,False,0
2018-02-16,MSFT,92.45,93.5,91.8,92.0,30188535.0,91.342,96.027316,86.656684,90.464066,95.418536,85.509596,97.895771,83.032361,92.941301,87.986831,,,,,False,False,0
2018-02-15,MSFT,91.21,92.72,90.62,92.66,27407914.0,91.242,95.952178,86.531822,90.302389,95.376433,85.228345,97.913455,82.691323,92.839411,87.765367,,,,,False,False,0
2018-02-14,MSFT,88.51,90.99,88.41,90.81,34314101.0,91.114,95.80217,86.42583,90.054219,95.195497,84.912941,97.766136,82.342302,92.624858,87.48358,,,,,False,False,0
2018-02-13,MSFT,88.93,90.0,87.8,89.83,26200053.0,91.0805,95.786422,86.374578,89.974663,95.114501,84.834825,97.68442,82.264906,92.544582,87.404744,,,,,False,False,0
2018-02-12,MSFT,88.735,89.78,87.9295,89.13,35501368.0,91.0065,95.833732,86.179268,89.989891,95.186639,84.793143,97.785013,82.194769,92.588265,87.391517,,,,,False,False,0
2018-02-09,MSFT,86.3,88.93,83.83,88.1,57408480.0,91.029,95.825132,86.232868,90.080405,95.392211,84.768599,98.048114,82.112696,92.736308,87.424502,,,,,False,False,0
2018-02-08,MSFT,89.71,89.875,84.76,84.89,47485202.0,91.028,95.826582,86.229418,90.288869,95.224661,85.353077,97.692557,82.885181,92.756765,87.820973,,,,,False,False,0
2018-02-07,MSFT,90.49,91.77,89.2,89.61,40340551.0,91.1745,95.353468,86.995532,90.857171,95.385715,86.328627,97.649987,84.064355,93.121443,88.592899,,,,,False,True,0
2018-02-06,MSFT,86.89,91.475,85.25,91.33,66157030.0,91.105,95.429436,86.780564,90.988452,95.469962,86.506942,97.710717,84.266187,93.229207,88.747697,,,,,False,True,0
2018-02-05,MSFT,90.56,93.24,88.08,89.05,42253469.0,90.9525,95.446242,86.458758,90.9525,94.821048,87.083952,96.755322,85.149678,92.886774,89.018226,,,,,False,False,0
2018-02-02,MSFT,93.64,93.97,91.5,91.78,47076959.0,90.9095,95.490842,86.328158,91.116296,94.48858,87.744012,96.174722,86.05787,92.802438,89.430154,,,,,False,False,0
2018-02-01,MSFT,94.79,96.07,93.5813,94.26,46645657.0,90.676,95.52433,85.82767,91.046433,94.253507,87.839359,95.857044,86.235822,92.64997,89.442896,,,,,False,False,0
2018-01-31,MSFT,93.75,95.4,93.51,95.01,44284284.0,90.2805,95.185034,85.375966,90.708162,93.779058,87.637266,95.314506,86.101818,92.24361,89.172714,,,,,False,False,0
2018-01-30,MSFT,93.3,93.66,92.1,92.74,34153798.0,89.8275,94.572038,85.082962,90.255337,93.153225,87.357449,94.602169,85.908505,91.704281,88.806393,,,,,False,False,0
2018-01-29,MSFT,95.14,95.45,93.72,93.92,30409620.0,89.4675,94.363644,84.571356,89.993794,92.834596,87.152992,94.254997,85.732591,91.414195,88.573393,,,,,False,False,0
2018-01-26,MSFT,93.12,94.06,92.58,94.06,26348999.0,89.0575,93.763202,84.351798,89.580509,92.373681,86.787337,93.770267,85.390751,90.977095,88.183923,,,,,False,False,0
2018-01-25,MSFT,92.465,93.24,91.93,92.33,23983094.0,88.64,92.962332,84.317668,89.108984,91.660318,86.55765,92.935985,85.281983,90.384651,87.833317,,,,,False,False,0
2018-01-24,MSFT,92.55,93.43,91.58,91.82,32107765.0,88.2935,92.486186,84.100814,88.769929,91.299059,86.240799,92.563624,84.976234,90.034494,87.505364,,,,,False,False,0
2018-01-23,MSFT,91.9,92.3,91.54,91.9,22283365.0,87.978,92.008234,83.947766,88.448869,90.887931,86.009807,92.107462,84.790276,89.6684,87.229338,,,,,False,False,0
2018-01-22,MSFT,90.0,91.62,89.74,91.61,23190700.0,87.658,91.397634,83.918366,88.085592,90.595352,85.575832,91.850232,84.320952,89.340472,86.830712,,,,,False,False,0
2018-01-19,MSFT,90.14,90.61,89.66,90.0,34896964.0,87.3535,90.73056,83.97644,87.714602,90.12819,85.301014,91.334984,84.09422,88.921396,86.507808,,,,,False,False,0
2018-01-18,MSFT,89.8,90.67,89.66,90.1,22931303.0,87.145,90.353436,83.936564,87.474034,89.927128,85.02094,91.153675,83.794393,88.700581,86.247487,,,,,False,False,0
2018-01-17,MSFT,89.08,90.28,88.75,90.14,24659472.0,86.959,89.878986,84.039014,87.197616,89.684026,84.711206,90.927231,83.468001,88.440821,85.954411,,,,,False,False,0
2018-01-16,MSFT,90.1,90.79,88.0104,88.35,35945428.0,86.7945,89.32367,84.26533,86.887892,89.26864,84.507144,90.459014,83.31677,88.078266,85.697518,,,,,False,False,0
2018-01-12,MSFT,88.67,89.78,88.45,89.58,24000439.0,86.6115,89.19309,84.02991,86.733985,88.870237,84.597733,89.938363,83.529607,87.802111,85.665859,,,,,False,False,0
2018-01-11,MSFT,88.13,88.13,87.24,88.08,16529868.0,86.4,88.645342,84.154658,86.434405,88.473445,84.395365,89.492965,83.375845,87.453925,85.414885,,,,,False,False,0
2018-01-10,MSFT,87.86,88.19,87.41,87.82,18129153.0,86.275,88.407852,84.142148,86.261184,88.320152,84.202216,89.349636,83.172732,87.290668,85.2317,,,,,False,False,0
2018-01-09,MSFT,88.65,88.7272,87.86,88.22,19390427.0,86.1455,88.200488,84.090512,86.097099,88.189833,84.004365,89.2362,82.957998,87.143466,85.050732,,,,,False,False,0
2018-01-08,MSFT,88.2,88.58,87.6046,88.28,20293930.0,85.9425,87.938966,83.946034,85.873635,87.993933,83.753337,89.054082,82.693188,86.933784,84.813486,,,,,False,True,0
2018-01-05,MSFT,87.66,88.41,87.43,88.19,22526563.0,85.653,87.876016,83.429984,85.620334,87.75367,83.486998,88.820338,82.42033,86.687002,84.553666,,,,,False,False,0
2018-01-04,MSFT,86.59,87.66,86.57,87.11,21145985.0,85.3825,87.6214,83.1436,85.349842,87.44728,83.252404,88.495999,82.203685,86.398561,84.301123,,,,,False,False,0
2018-01-03,MSFT,86.055,86.51,85.97,86.35,24173064.0,85.1065,87.749932,82.463068,85.164563,87.221805,83.107321,88.250426,82.0787,86.193184,84.135942,,,,,False,False,0
2018-01-02,MSFT,86.125,86.31,85.5,85.95,21993101.0,84.843,87.948364,81.737636,85.03978,87.169118,82.910442,88.233787,81.845773,86.104449,83.975111,,,,,False,False,0
2017-12-29,MSFT,85.63,86.05,85.5,85.54,18162779.0,84.7585,87.83057,81.68643,84.943967,87.112485,82.775449,88.196744,81.69119,86.028226,83.859708,,,,,False,False,0
2017-12-28,MSFT,85.9,85.93,85.55,85.72,9872795.0,84.69,87.750386,81.629614,84.881227,87.131937,82.630517,88.257292,81.505162,86.006582,83.755872,,,,,False,False,0
2017-12-27,MSFT,85.65,85.98,85.215,85.71,13000828.0,84.571,87.646978,81.495022,84.792935,87.158317,82.427553,88.341008,81.244862,85.975626,83.610244,,,,,False,False,0
2017-12-26,MSFT,85.31,85.5346,85.03,85.4,9737412.0,84.5295,87.56502,81.49398,84.696402,87.126044,82.26676,88.340865,81.051939,85.911223,83.481581,,,,,False,False,0
2017-12-22,MSFT,85.4,85.63,84.92,85.51,14033977.0,84.453,87.473994,81.432006,84.622339,87.161245,82.083433,88.430698,80.81398,85.891792,83.352886,,,,,False,False,0
2017-12-21,MSFT,86.05,86.1,85.4,85.5,16638402.0,84.3405,87.363244,81.317756,84.528901,87.153877,81.903925,88.466365,80.591437,85.841389,83.216413,,,,,False,False,0
2017-12-20,MSFT,86.2,86.3,84.71,85.52,23425009.0,84.221,87.239906,81.202094,84.42668,87.145884,81.707476,88.505486,80.347874,85.786282,83.067078,,,,,False,False,0
2017-12-19,MSFT,86.35,86.35,85.27,85.83,23241979.0,84.131,87.096488,81.165512,84.311594,86.995352,81.627836,88.337231,80.285957,85.653473,82.969715,,,,,False,False,0
2017-12-18,MSFT,87.12,87.4999,86.23,86.38,21551076.0,83.966,86.902074,81.029926,84.151761,86.871193,81.432329,88.230909,80.072613,85.511477,82.792045,,,,,False,False,0
2017-12-15,MSFT,85.26,87.09,84.88,86.85,52430167.0,83.767,86.557542,80.976458,83.91721,86.65046,81.18396,88.017085,79.817335,85.283835,82.550585,,,,,False,False,0
2017-12-14,MSFT,85.43,85.8739,84.53,84.69,19080106.0,83.5845,85.996392,81.172608,83.608495,86.182765,81.034225,87.4699,79.74709,84.89563,82.32136,,,,,False,True,0
2017-12-13,MSFT,85.74,86.0,85.17,85.35,21307911.0,83.499,85.868944,81.129056,83.494653,86.060189,80.929117,87.342957,79.646349,84.777421,82.211885,,,,,False,True,0
2017-12-12,MSFT,85.31,86.05,85.08,85.58,23534946.0,83.412836,85.62755,81.198122,83.299353,85.934545,80.664161,87.252141,79.346565,84.616949,81.981757,,,,,False,True,0
2017-12-11,MSFT,84.29,85.37,84.12,85.23,19909119.0,83.309203,85.290231,81.328175,83.059285,85.747955,80.370615,87.09229,79.02628,84.40362,81.71495,,,,,False,True,0
2017-12-08,MSFT,83.63,84.58,83.33,84.16,23825056.0,83.220085,84.997341,81.442829,82.830788,85.53397,80.127606,86.885561,78.776015,84.182379,81.479197,,,,,False,True,0
2017-12-07,MSFT,82.54,82.8,82.0,82.49,20378114.0,83.195411,84.933047,81.457775,82.690871,85.280451,80.101291,86.575241,78.806501,83.985661,81.396081,,,,,False,True,0
2017-12-06,MSFT,81.55,83.14,81.43,82.78,24821403.0,83.263192,84.991206,81.535178,82.712016,85.377718,80.046314,86.710569,78.713463,84.044867,81.379165,,,,,False,True,0
2017-12-05,MSFT,81.34,82.68,80.9801,81.59,25512120.0,83.326422,85.07155,81.581294,82.704859,85.312539,80.097179,86.616379,78.793339,84.008699,81.401019,,,,,False,True,0
2017-12-04,MSFT,84.42,84.4299,80.7,81.08,37977732.0,83.432736,84.99082,81.874652,82.822213,85.368961,80.275465,86.642335,79.002091,84.095587,81.548839,,,,,False,True,0
2017-12-01,MSFT,83.6,84.81,83.22,84.26,29113662.0,83.560072,84.684002,82.436142,83.005604,85.174424,80.836784,86.258834,79.752374,84.090014,81.921194,,,,,False,True,0
2017-11-30,MSFT,83.51,84.52,83.34,84.17,32074914.0,83.485128,84.612268,82.357988,82.873562,84.9646,80.782524,86.010119,79.737005,83.919081,81.828043,,,,,False,True,0
2017-11-29,MSFT,84.71,84.9172,83.175,83.34,26401761.0,83.414683,84.537903,82.291463,82.737095,84.807443,80.666747,85.842617,79.631573,83.772269,81.701921,,,,,False,True,0
2017-11-28,MSFT,84.07,85.06,84.02,84.88,21162639.0,83.42106,84.54396,82.29816,82.673631,84.635205,80.712057,85.615992,79.73127,83.654418,81.692844,,,,,False,True,0
2017-11-27,MSFT,83.31,83.98,83.3,83.87,17603760.0,83.346456,84.24821,82.444702,82.441382,84.37077,80.511994,85.335464,79.5473,83.406076,81.476688,,,,,False,True,0
2017-11-24,MSFT,83.01,83.43,82.78,83.26,7425503.0,83.071125,85.399503,80.742747,82.291001,84.258035,80.323967,85.241552,79.34045,83.274518,81.307484,,,,,False,False,0
2017-11-22,MSFT,83.83,83.9,83.04,83.11,20213704.0,82.819826,85.956882,79.68277,82.189001,84.207345,80.170657,85.216517,79.161485,83.198173,81.179829,,,,,False,False,0
2017-11-21,MSFT,82.74,83.84,82.74,83.72,21033981.0,82.587469,86.248745,78.926193,82.092054,84.133346,80.050762,85.153992,79.030116,83.1127,81.071408,,,,,False,False,0
2017-11-20,MSFT,82.4,82.59,82.25,82.53,16072495.0,82.32312,86.36302,78.28322,81.920692,83.917468,79.923916,84.915856,78.925528,82.91908,80.922304,,,,,False,False,0
2017-11-17,MSFT,83.12,83.12,82.24,82.4,21715498.0,82.117276,86.4991,77.735452,81.856554,83.954622,79.758486,85.003656,78.709452,82.905588,80.80752,,,,,False,False,0
2017-11-16,MSFT,83.1,83.42,82.94,83.2,20659209.0,81.873158,86.687442,77.058874,81.799349,83.911113,79.687585,84.966995,78.631703,82.855231,80.743467,,,,,False,False,0
2017-11-15,MSFT,83.47,83.69,82.69,82.98,19097333.0,81.574116,86.750936,76.397296,81.651912,83.852274,79.45155,84.952455,78.351369,82.752093,80.551731,,,,,False,False,0
2017-11-14,MSFT,83.079496,83.676475,82.562115,83.626727,18604034.0,81.285079,86.752973,75.817185,81.512113,83.727887,79.296339,84.835774,78.188452,82.62,80.404226,,,,,False,False,0
2017-11-13,MSFT,83.238691,83.517281,83.039698,83.507331,14080820.0,80.96669,86.591426,75.341954,81.289522,83.5043,79.074744,84.611689,77.967355,82.396911,80.182133,,,,,False,False,0
2017-11-10,MSFT,83.368036,83.6715,82.810856,83.447633,19340435.0,80.646312,86.384494,74.90813,81.056069,83.367741,78.744397,84.523577,77.588561,82.211905,79.900233,,,,,False,False,0
2017-11-09,MSFT,83.686424,83.845619,82.482518,83.666525,20924172.0,80.310511,86.138989,74.482033,80.804325,83.161411,78.447239,84.339954,77.268696,81.982868,79.625782,,,,,False,False,0
2017-11-07,MSFT,84.343101,84.472446,83.507331,83.845619,17152583.0,79.928943,85.827415,74.030471,80.503041,82.831733,78.174349,83.996079,77.010003,81.667387,79.338695,,,,,False,False,0
2017-11-06,MSFT,83.775971,84.273453,83.659063,84.044612,19039847.0,79.531952,85.391186,73.672718,80.151191,82.510535,77.791847,83.690207,76.612175,81.330863,78.971519,,,,,False,False,0
2017-11-03,MSFT,83.656576,84.114259,82.98,83.716273,17569120.0,79.125012,84.801734,73.44829,79.741357,82.187667,77.295047,83.410822,76.071892,80.964512,78.518202,,,,,False,False,0
2017-11-02,MSFT,82.930252,84.034662,82.70141,83.626727,23822964.0,78.720061,84.180295,73.259827,79.322945,81.782931,76.862959,83.012924,75.632966,80.552938,78.092952,,,,,False,False,0
2017-11-01,MSFT,83.25859,83.338187,82.462619,82.761108,22039635.0,78.318096,83.447958,73.188234,78.869915,81.314015,76.425815,82.536065,75.203765,80.091965,77.647865,,,,,False,False,0
2017-10-31,MSFT,83.935165,83.935165,82.69146,82.761108,26728947.0,77.895734,82.881776,72.909692,78.460316,80.957722,75.96291,82.206425,74.714207,79.709019,77.211613,,,,,False,False,0
2017-10-30,MSFT,83.278489,83.900342,82.686486,83.467532,31291801.0,77.45198,82.201098,72.702862,78.007601,80.505775,75.509427,81.754862,74.26034,79.256688,76.758514,,,,,False,False,0
2017-10-27,MSFT,83.945115,85.765899,83.188942,83.387935,70877350.0,76.990316,81.056636,72.923996,77.432871,79.936465,74.929277,81.188262,73.67748,78.684668,76.181074,,,,,False,False,0
2017-10-26,MSFT,78.801151,79.020043,78.353417,78.363367,29181652.0,76.526663,79.550367,73.502959,76.806022,78.36335,75.248694,79.142014,74.47003,77.584686,76.027358,,,,,False,False,0
2017-10-25,MSFT,78.184273,78.701655,77.617144,78.234022,19714512.0,76.283395,79.456083,73.110707,76.642091,78.198287,75.085895,78.976385,74.307797,77.420189,75.863993,,,,,False,False,0
2017-10-24,MSFT,78.502662,78.801151,78.064878,78.462863,16613928.0,76.045598,79.309446,72.78175,76.474519,77.983575,74.965463,78.738103,74.210935,77.229047,75.719991,,,,,False,False,0
2017-10-23,MSFT,78.592209,78.940446,78.363367,78.433014,20479731.0,75.767008,79.108242,72.425774,76.26522,77.777084,74.753356,78.533016,73.997424,77.021152,75.509288,,,,,False,False,0
2017-10-20,MSFT,77.925583,78.572309,77.826086,78.413115,22517092.0,75.489911,78.819987,72.159835,76.037031,77.576411,74.497651,78.346101,73.727961,76.806721,75.267341,,,,,False,False,0
2017-10-19,MSFT,77.17936,77.537547,76.960468,77.517647,14982129.0,75.271019,78.371329,72.170709,75.786917,77.282455,74.291379,78.030224,73.54361,76.534686,75.039148,,,,,False,False,0
2017-10-18,MSFT,77.278856,77.45795,76.980367,77.219158,13147124.0,75.08695,78.066652,72.107248,75.604735,77.126533,74.082937,77.887432,73.322038,76.365634,74.843836,,,,,False,False,0
2017-10-17,MSFT,77.079863,77.229108,76.860971,77.199259,15953665.0,74.954123,77.774367,72.133879,75.434796,77.000182,73.86941,77.782875,73.086717,76.217489,74.652103,,,,,False,False,0
2017-10-16,MSFT,77.030115,77.418151,76.960468,77.258957,12331147.0,74.847164,77.474354,72.219974,75.249063,76.873633,73.624493,77.685918,72.812208,76.061348,74.436778,,,,,False,False,0
2017-10-13,MSFT,77.199259,77.477849,76.90077,77.099763,15250772.0,74.723291,77.106201,72.340381,75.037495,76.716621,73.358369,77.556184,72.518806,75.877058,74.197932,,,,,False,False,0
2017-10-12,MSFT,76.104799,76.90077,75.985403,76.731626,16778148.0,74.61484,76.738586,72.491094,74.820414,76.5139,73.126928,77.360643,72.280185,75.667157,73.973671,,,,,False,False,0
2017-10-11,MSFT,75.975453,76.07495,75.567518,76.035151,14780652.0,74.497932,76.387184,72.60868,74.619234,76.302162,72.936306,77.143626,72.094842,75.460698,73.77777,,,,,False,False,0
2017-10-10,MSFT,75.945604,76.244094,75.756561,75.905806,13734627.0,74.437736,76.199664,72.675808,74.47019,76.204508,72.735872,77.071667,71.868713,75.337349,73.603031,,,,,False,False,0
2017-10-09,MSFT,75.587417,76.164496,75.477971,75.905806,11364275.0,74.357642,75.985914,72.72937,74.319073,76.111795,72.526351,77.008156,71.62999,75.215434,73.422712,,,,,False,True,0
2017-10-06,MSFT,75.288928,75.647115,75.159583,75.617266,13692791.0,74.281527,75.747429,72.815625,74.152048,75.977052,72.327044,76.889554,71.414542,75.06455,73.239546,,,,,False,True,0
2017-10-05,MSFT,74.841194,75.736662,74.582504,75.587417,20656238.0,74.181036,75.538428,72.823644,73.997815,75.888199,72.107431,76.833391,71.162239,74.943007,73.052623,,,,,False,True,0
2017-10-04,MSFT,73.627338,74.343712,73.338799,74.313863,13287346.0,74.099946,75.295734,72.904158,73.830488,75.647394,72.013582,76.555847,71.105129,74.738941,72.922035,,,,,False,True,0
2017-10-03,MSFT,74.293964,74.502906,73.821356,73.886029,11935853.0,74.035771,75.313693,72.757849,73.779607,75.581673,71.977541,76.482706,71.076508,74.68064,72.878574,,,,,False,True,0
2017-10-02,MSFT,74.333763,74.632252,73.920853,74.234266,15210338.0,74.003435,75.326799,72.680071,73.768404,75.604236,71.932572,76.522152,71.014656,74.68632,72.850488,,,,,False,True,0
2017-09-29,MSFT,73.56764,74.159644,73.507942,74.114871,16700435.0,73.970103,75.302083,72.638123,73.719366,75.58697,71.851762,76.520772,70.91796,74.653168,72.785564,,,,,False,True,0
2017-09-28,MSFT,73.169655,73.597489,72.940813,73.497993,10814063.0,73.984033,75.327555,72.640511,73.677734,75.587206,71.768262,76.541942,70.813526,74.63247,72.722998,,,,,False,True,0
2017-09-27,MSFT,73.179604,73.796482,72.801518,73.478094,18934048.0,73.990997,75.325785,72.656209,73.696654,75.651982,71.741326,76.629646,70.763662,74.674318,72.71899,,,,,False,True,0
2017-09-26,MSFT,73.299,73.438295,72.622424,72.891065,17105469.0,73.951199,75.388327,72.514071,73.71966,75.672326,71.766994,76.648659,70.790661,74.695993,72.743327,,,,,False,True,0
2017-09-25,MSFT,73.716885,73.876079,72.552777,72.891065,23502422.0,73.929807,75.440285,72.419329,73.806881,75.784235,71.829527,76.772912,70.84085,74.795558,72.818204,,,,,False,True,0
2017-09-22,MSFT,73.617388,74.13477,73.478094,74.035273,13969937.0,73.907918,75.48901,72.326826,73.903283,75.804665,72.001901,76.755356,71.05121,74.853974,72.952592,,,,,False,True,0
2017-09-21,MSFT,74.731748,74.861094,73.736784,73.836281,19038998.0,73.822351,75.545465,72.099237,73.889389,75.836003,71.942775,76.80931,70.969468,74.862696,72.916082,,,,,False,True,0
2017-09-20,MSFT,74.97054,75.169532,73.935777,74.562604,20415084.0,73.748226,75.58628,71.910172,73.894979,75.818363,71.971595,76.780055,71.009903,74.856671,72.933287,,,,,False,False,0
2017-09-19,MSFT,74.831245,75.328727,74.632252,75.060086,15606870.0,73.659674,75.502898,71.81645,73.824703,75.706231,71.943175,76.646995,71.002411,74.765467,72.883939,,,,,False,False,0
2017-09-18,MSFT,74.851144,75.587417,74.662101,74.781496,22730355.0,73.496003,75.393299,71.598707,73.694663,75.613773,71.775553,76.573328,70.815998,74.654218,72.735108,,,,,False,False,0
2017-09-15,MSFT,74.453158,75.010338,73.696986,74.930741,37901927.0,73.363175,75.253843,71.472507,73.580259,75.504637,71.655881,76.466826,70.693692,74.542448,72.61807,,,,,False,False,0
2017-09-14,MSFT,74.622302,75.109835,74.144719,74.39346,15373384.0,73.218408,75.049238,71.387578,73.438103,75.308455,71.567751,76.243631,70.632575,74.373279,72.502927,,,,,False,False,0
2017-09-13,MSFT,74.552655,74.851144,74.174568,74.831245,12998629.0,73.16269,74.91315,71.41223,73.337539,75.203285,71.471793,76.136158,70.53892,74.270412,72.404666,,,,,False,False,0
2017-09-12,MSFT,74.383511,74.861094,73.995475,74.303914,14003880.0,73.063691,74.640867,71.486515,73.180307,75.085483,71.275131,76.038071,70.322543,74.132895,72.227719,,,,,False,True,0
2017-09-11,MSFT,73.935777,74.567579,73.935777,74.383511,17428067.0,72.990069,74.462809,71.517329,73.062033,74.980589,71.143477,75.939867,70.184199,74.021311,72.102755,,,,,False,True,0
2017-09-08,MSFT,73.955676,74.065122,73.468144,73.607439,14474383.0,72.858529,74.278961,71.438097,72.92293,74.841354,71.004506,75.800566,70.045294,73.882142,71.963718,,,,,False,True,0
2017-09-07,MSFT,73.30895,74.224317,73.229353,73.965626,17165518.0,72.711854,74.377352,71.046356,72.850876,74.825028,70.876724,75.812104,69.889648,73.837952,71.8638,,,,,False,True,0
2017-09-06,MSFT,73.368647,73.667137,72.980612,73.03036,15945136.0,72.599723,74.213649,70.985797,72.733534,74.675858,70.79121,75.64702,69.820048,73.704696,71.762372,,,,,False,True,0
2017-09-05,MSFT,72.970662,73.517892,72.612475,73.239302,21432599.0,72.550191,74.169011,70.931371,72.702289,74.688403,70.716175,75.68146,69.723118,73.695346,71.709232,,,,,False,True,0
2017-09-01,MSFT,74.333763,74.363612,73.269151,73.56764,21593192.0,72.470913,74.102227,70.839599,72.645761,74.637705,70.653817,75.633677,69.657845,73.641733,71.649789,,,,,False,True,0
2017-08-31,MSFT,73.657187,74.582504,73.428345,74.39346,26688077.0,72.389074,73.955014,70.823134,72.548721,74.520921,70.576521,75.507021,69.590421,73.534821,71.562621,,,,,False,True,0
2017-08-30,MSFT,72.642324,73.836181,72.462534,73.637288,16826094.0,72.239716,73.56357,70.915862,72.354538,74.300884,70.408192,75.274057,69.435019,73.327711,71.381365,,,,,False,True,0
2017-08-29,MSFT,71.886151,72.791568,71.687158,72.682122,11325418.0,72.133611,73.326047,70.941175,72.219512,74.104246,70.334778,75.046613,69.392411,73.161879,71.277145,,,,,False,True,0
2017-08-28,MSFT,72.692072,72.721921,72.18464,72.46323,14112777.0,72.091099,73.262727,70.919471,72.170816,74.03062,70.311012,74.960522,69.38111,73.100718,71.240914,,,,,False,True,0
2017-08-25,MSFT,72.493079,72.980612,72.114993,72.453281,12574503.0,72.06646,73.226416,70.906504,72.140036,74.060244,70.219828,75.020348,69.259724,73.10014,71.179932,,,,,False,True,0
2017-08-24,MSFT,72.373683,72.493079,71.707058,72.323935,15980144.0,72.058153,73.209255,70.907051,72.107063,74.041807,70.172319,75.009179,69.204947,73.074435,71.139691,,,,,False,True,0
2017-08-23,MSFT,72.592576,72.781619,72.164741,72.353784,13586784.0,72.062251,73.217685,70.906817,72.084234,74.046878,70.12159,75.0282,69.140268,73.065556,71.102912,,,,,False,True,0
2017-08-22,MSFT,71.985647,72.871165,71.985647,72.791568,14183146.0,72.108899,73.377439,70.840359,72.05586,74.07304,70.03868,75.08163,69.03009,73.06445,71.04727,,,,,False,True,0
2017-08-21,MSFT,72.105043,72.114993,71.338921,71.786655,17656716.0,72.140585,73.503871,70.777299,71.978418,73.98392,69.972916,74.986671,68.970165,72.981169,70.975667,,,,,False,True,0
2017-08-18,MSFT,71.90605,72.47318,71.567763,72.124942,18215276.0,72.19332,73.579174,70.807466,71.998603,74.037447,69.959759,75.056869,68.940337,73.018025,70.979181,,,,,False,True,0
2017-08-17,MSFT,73.209453,73.497993,72.035396,72.035396,21834250.0,72.238544,73.670774,70.806314,71.985304,74.041688,69.92892,75.06988,68.900728,73.013496,70.957112,,,,,False,True,0
2017-08-16,MSFT,72.970662,73.726835,72.801518,73.279101,17814317.0,72.310512,73.836278,70.784746,71.980031,73.969583,69.990479,74.964359,68.995703,72.974807,70.985255,,,,,False,True,0
2017-08-15,MSFT,73.219403,73.219403,72.672173,72.851266,17791179.0,72.301492,73.806234,70.79675,71.843287,73.843525,69.843049,74.843644,68.84293,72.843406,70.843168,,,,,False,True,0
2017-08-14,MSFT,72.306935,72.960132,72.198069,72.831472,19756773.0,72.286152,73.774328,70.797976,71.737184,73.807096,69.667272,74.842052,68.632316,72.77214,70.702228,,,,,False,True,0
2017-08-11,MSFT,70.871881,71.950646,70.545283,71.752707,21121250.0,72.274275,73.748579,70.799971,71.621996,73.665376,69.578616,74.687066,68.556926,72.643686,70.600306,,,,,False,False,0
2017-08-10,MSFT,71.158892,71.445903,70.614561,70.673943,23153711.0,72.288131,73.747703,70.828559,71.608237,73.592589,69.623885,74.584765,68.631709,72.600413,70.616061,,,,,False,False,0
2017-08-09,MSFT,71.505284,71.762604,71.307346,71.723017,20401071.0,72.305946,73.693182,70.91871,71.706584,73.673048,69.74012,74.65628,68.756888,72.689816,70.723352,,,,,False,False,0
2017-08-08,MSFT,71.346934,72.376214,71.010438,72.039718,21446993.0,72.240626,73.838532,70.64272,71.704854,73.709912,69.699796,74.712441,68.697267,72.707383,70.702325,,,,,False,False,0
2017-08-07,MSFT,72.049615,72.148584,71.515181,71.653738,18582345.0,72.102069,74.159993,70.044145,71.669605,73.618777,69.720433,74.593363,68.745847,72.644191,70.695019,,,,,False,False,0
2017-08-04,MSFT,71.653738,72.287141,71.495387,71.930852,22412719.0,71.982316,74.38116,69.583472,71.671275,73.672937,69.669613,74.673768,68.668782,72.672106,70.670444,,,,,False,False,0
2017-08-03,MSFT,71.445903,71.693326,71.104459,71.406315,17937522.0,71.822976,74.606796,69.039156,71.643952,73.664078,69.623826,74.674141,68.613763,72.654015,70.633889,,,,,False,False,0
2017-08-02,MSFT,71.802192,71.812089,70.708582,71.515181,26405096.0,71.645821,74.920777,68.370865,71.668966,73.75389,69.584042,74.796352,68.54158,72.711428,70.626504,,,,,False,False,0
2017-08-01,MSFT,72.346523,72.663225,71.742811,71.831883,19060885.0,71.48846,75.062218,67.914702,71.685154,73.757642,69.612666,74.793886,68.576422,72.721398,70.64891,,,,,False,False,0
2017-07-31,MSFT,72.544462,72.683018,71.663635,71.97044,23151962.0,71.270232,75.24409,67.296374,71.669709,73.760017,69.579401,74.805171,68.534247,72.714863,70.624555,,,,,False,False,0
2017-07-28,MSFT,71.920955,72.554358,71.792295,72.287141,17472880.0,71.082686,75.255716,66.909656,71.638053,73.732325,69.543781,74.779461,68.496645,72.685189,70.590917,,,,,False,False,0
2017-07-27,MSFT,72.99972,73.652917,71.574563,72.405905,35518251.0,70.857531,75.227597,66.487465,71.569728,73.707858,69.431598,74.776923,68.362533,72.638793,70.500663,,,,,False,False,0
2017-07-26,MSFT,73.573742,73.613329,73.049205,73.286731,15850344.0,70.691262,75.06607,66.316454,71.481709,73.464563,69.498855,74.45599,68.507428,72.473136,70.490282,,,,,False,False,0
2017-07-25,MSFT,73.039308,73.544051,72.7424,73.425288,21522189.0,70.451757,74.755881,66.147633,71.291707,73.340301,69.243113,74.364598,68.218816,72.316004,70.26741,,,,,False,False,0
2017-07-24,MSFT,72.772091,72.989823,72.376214,72.841369,20836422.0,70.270643,74.358439,66.182847,71.067119,73.149965,68.984273,74.191388,67.94285,72.108542,70.025696,,,,,False,False,0
2017-07-21,MSFT,72.692915,73.524257,72.415801,73.029411,45302930.0,70.152375,74.069113,66.235637,70.880356,73.02293,68.737782,74.094217,67.666495,71.951643,69.809069,,,,,False,False,0
2017-07-20,MSFT,73.415391,73.534154,72.524668,73.474772,34174677.0,69.977694,73.670842,66.284546,70.65414,72.790996,68.517284,73.859424,67.448856,71.722568,69.585712,,,,,False,False,0
2017-07-19,MSFT,72.7424,73.276834,72.692915,73.098689,21769229.0,69.78124,73.10936,66.45312,70.357231,72.503155,68.211307,73.576117,67.138345,71.430193,69.284269,,,,,False,False,0
2017-07-18,MSFT,72.336626,72.633534,71.911058,72.544462,26150272.0,69.585776,72.550994,66.620558,70.068657,72.266979,67.870335,73.36614,66.771174,71.167818,68.969496,,,,,False,False,0
2017-07-17,MSFT,72.049615,72.692915,71.97044,72.593946,21481069.0,69.465528,72.119816,66.81124,69.808046,72.06432,67.551772,73.192457,66.423635,70.936183,68.679909,,,,,False,False,0
2017-07-14,MSFT,71.495387,72.514771,71.218274,72.029821,25689303.0,69.299754,71.532446,67.067062,69.514793,71.833475,67.196111,72.992816,66.03677,70.674134,68.355452,,,,,False,False,0
2017-07-13,MSFT,70.763015,71.29735,70.574973,71.030232,20149208.0,69.157239,71.005457,67.309021,69.250053,71.518705,66.981401,72.653031,65.847075,70.384379,68.115727,,,,,False,True,0
2017-07-12,MSFT,69.961364,70.545283,69.822807,70.416623,17382861.0,69.083012,70.732992,67.433032,69.062666,71.370334,66.754998,72.524168,65.601164,70.2165,67.908832,,,,,False,True,0
2017-07-11,MSFT,69.278476,69.951467,69.031053,69.268579,16880205.0,69.058269,70.640983,67.475555,68.920144,71.208908,66.63138,72.35329,65.486998,70.064526,67.775762,,,,,False,True,0
2017-07-10,MSFT,68.744042,69.525899,68.486722,69.258682,14903400.0,69.047878,70.62766,67.468096,68.883467,71.206689,66.560245,72.3683,65.398634,70.045078,67.721856,,,,,False,True,0
2017-07-07,MSFT,67.991876,69.120125,67.991876,68.744042,15897154.0,69.064703,70.660195,67.469211,68.84397,71.186028,66.501912,72.357057,65.330883,70.014999,67.672941,,,,,False,True,0
2017-07-06,MSFT,67.566308,68.071051,67.417854,67.863216,20776555.0,69.187672,71.02598,67.349364,68.854489,71.183335,66.525643,72.347758,65.36122,70.018912,67.690066,,,,,False,True,0
2017-07-05,MSFT,67.551463,68.724248,67.516824,68.367959,20174523.0,69.376703,71.399611,67.353795,68.958834,71.32065,66.597018,72.501558,65.41611,70.139742,67.777926,,,,,False,False,0
2017-07-03,MSFT,68.615382,68.882599,67.318885,67.467339,16164331.0,69.54693,71.765196,67.328664,69.021031,71.371155,66.670907,72.546217,65.495845,70.196093,67.845969,,,,,False,False,0
2017-06-30,MSFT,68.071051,68.664867,68.031464,68.219505,23039328.0,69.750312,71.913822,67.586802,69.184577,71.474909,66.894245,72.620075,65.749079,70.329743,68.039411,,,,,False,False,0
2017-06-29,MSFT,68.664867,68.773733,67.388163,67.78404,28231562.0,69.890353,72.001335,67.779371,69.286164,71.617164,66.955164,72.782664,65.789664,70.451664,68.120664,,,,,False,False,0
2017-06-28,MSFT,68.496619,69.121115,68.080948,69.080538,25226070.0,69.970024,71.866378,68.07367,69.444282,71.694224,67.19434,72.819195,66.069369,70.569253,68.319311,,,,,False,False,0
2017-06-27,MSFT,69.387342,69.456621,68.466928,68.496619,24862560.0,69.972003,71.864719,68.079287,69.482571,71.745559,67.219583,72.877053,66.088089,70.614065,68.351077,,,,,False,False,0
2017-06-26,MSFT,70.664046,70.97085,69.718889,69.803013,19308122.0,70.031385,71.806061,68.256709,69.586355,71.817869,67.354841,72.933626,66.239084,70.702112,68.470598,,,,,False,True,0
2017-06-23,MSFT,69.367549,70.515592,69.199301,70.476004,23176418.0,70.003673,71.808795,68.198551,69.563549,71.774107,67.352991,72.879386,66.247712,70.668828,68.45827,,,,,False,False,0
2017-06-22,MSFT,69.81291,69.862395,68.991465,69.535796,22222851.0,69.924993,71.777465,68.072521,69.467502,71.645598,67.289406,72.734646,66.200358,70.55655,68.378454,,,,,False,False,0
2017-06-21,MSFT,69.486312,69.892086,69.219095,69.545693,19190623.0,69.851261,71.869773,67.832749,69.460313,71.671965,67.248661,72.777791,66.142835,70.566139,68.354487,,,,,False,False,0
2017-06-20,MSFT,70.090024,70.139509,69.149816,69.189404,20775590.0,69.77258,71.949094,67.596066,69.451325,71.724999,67.177651,72.861836,66.040814,70.588162,68.314488,,,,,False,False,0
2017-06-19,MSFT,69.773322,70.213736,69.624869,70.139509,23146852.0,69.700332,72.039344,67.36132,69.478896,71.775208,67.182584,72.923364,66.034428,70.627052,68.33074,,,,,False,False,0
2017-06-16,MSFT,69.011259,69.303416,68.506516,69.278476,46911637.0,69.542971,72.150663,66.935279,69.409358,71.738422,67.080294,72.902954,65.915762,70.57389,68.244826,,,,,False,False,0
2017-06-15,MSFT,68.556001,69.486312,68.090845,69.179507,25701569.0,69.429652,72.260868,66.598436,69.423135,71.808759,67.037511,73.001571,65.844699,70.615947,68.230323,,,,,False,False,0
2017-06-14,MSFT,70.179096,70.367138,68.714351,69.545693,25271276.0,69.309899,72.366911,66.252887,69.44878,71.79409,67.10347,72.966745,65.930815,70.621435,68.276125,,,,,False,False,0
2017-06-13,MSFT,69.29827,70.090024,69.238888,69.921776,24815455.0,69.267342,72.333722,66.200962,69.438578,71.710022,67.167134,72.845744,66.031412,70.5743,68.302856,,,,,False,False,0
2017-06-12,MSFT,68.536207,69.219095,67.427751,69.060744,47363986.0,69.138566,72.299074,65.978058,69.387715,71.675535,67.099895,72.819445,65.955985,70.531625,68.243805,,,,,False,False,0
2017-06-09,MSFT,71.2925,71.337037,67.88301,69.595178,48619420.0,69.050381,72.311475,65.789287,69.422134,71.55249,67.291778,72.617668,66.2266,70.487312,68.356956,,,,,False,False,0
2017-06-08,MSFT,71.762604,71.772501,70.763015,71.203428,23982410.0,68.939411,72.269121,65.609701,69.403918,71.166758,67.641078,72.048178,66.759658,70.285338,68.522498,,,,,False,False,0
2017-06-07,MSFT,71.886316,72.019924,71.208377,71.643841,21895156.0,68.789856,71.964456,65.615256,69.214496,70.957634,67.471358,71.829203,66.599789,70.086065,68.342927,,,,,False,False,0
