,A,B,C,D
2000-01-01,-0.25601884883368375,-0.24840672689875098,-1.0509884983813658,0.6320308581009139
2000-01-02,-0.2844214818305819,-1.0032804258238524,-0.9829928293951997,0.832507153684413
2000-01-03,0.8676913547067171,1.0933552322112035,-1.6254121412348606,3.381459728482418
2000-01-04,2.502736171045477,1.7233729969103202,-2.2683455784763895,2.4242577634039435
2000-01-05,1.769886013840212,2.4395411107972786,-1.6623422545363273,3.1271414042373307
2000-01-06,0.472868066284442,1.7000580992834884,-2.3341427511323722,2.379602160705261
2000-01-07,0.3807351248602798,-0.41338646997116246,-4.1588784463523725,2.198841682672726
2000-01-08,-0.09476331770461327,0.3498310625702843,-4.761395068854389,3.051630300207347
2000-01-09,1.0911602828890832,-0.21047483357359287,-5.393439191323026,1.607648010677308
2000-01-10,-0.10465920463932488,-1.2652603964288271,-4.916085049469462,1.883926782999896
2000-01-11,0.20845501676157951,-0.3989554659599508,-3.4688877182099187,2.9418630166855233
2000-01-12,0.217032741719947,0.5290631417627125,-3.8029667482038847,3.8717266325993487
2000-01-13,0.23327979121950596,2.3037955823698226,-2.4574098157806104,1.5640722388303443
2000-01-14,0.2795247162288621,2.923833749383554,-2.755939045177954,2.547012459960742
2000-01-15,-1.169674483109377,3.3715021139582264,-2.5251544992137402,3.0919086106639897
2000-01-16,-2.5766859835381135,2.414243541150931,-2.0230933339750763,4.494992189927313
2000-01-17,-3.129222484841464,2.8915944958016095,-1.642916636456526,5.434990775714169
2000-01-18,-4.5261158419847725,2.902255092158775,-0.5479690516329272,4.950337925221706
2000-01-19,-3.7151638847591815,3.0248155243306285,-0.43810385849671735,6.476257896005018
2000-01-20,-3.633070176011308,4.099192593885365,-0.1736569661422041,3.4501315053395976
2000-01-21,-2.4632288430632947,5.792931547986974,2.5403701534491177,4.841685931598309
2000-01-22,-3.411933817452375,3.316054247065356,1.5056300394949604,6.421279770415323
2000-01-23,-2.834529032133241,3.763266620469986,1.3263366967423036,6.684822486940548
2000-01-24,-3.3731618063997146,2.1151730436593867,1.365492955237673,6.754354323864695
2000-01-25,-4.193647585267174,2.424730029925753,1.6645559978350957,7.143063711617319
2000-01-26,-3.7617906415848927,1.1785865169902041,1.1069346044309565,8.186283037429838
2000-01-27,-4.161365825748702,1.9983832586568466,1.1559504421046956,8.296275290344006
2000-01-28,-5.713621881253818,3.5950500240135153,1.3590181974668563,10.14767385458348
2000-01-29,-5.943516018563046,3.409305824698061,1.9687078840974317,8.8533036242702
2000-01-30,-4.876209402170116,2.8021804340480636,-0.051145645678218665,7.448862587898587
2000-01-31,-5.217471109307963,3.820332626291594,-0.9188670065346742,6.351276312774714
2000-02-01,-4.443051718541417,4.693176714460961,-1.340595953395486,7.55946319146668
2000-02-02,-5.469484507874232,4.615176448048496,-3.5258445304419865,8.173626967620926
2000-02-03,-4.461518616603789,4.5539423281848945,-4.975931872383051,8.429895988754899
2000-02-04,-4.267921541285186,4.560358242889758,-3.5887331169552406,8.655932146473045
2000-02-05,-2.944920031813357,6.0853492288616495,-3.081980644870784,8.47116546579673
2000-02-06,-2.2814458649523153,5.253136549912594,-1.2291534937666568,8.7275823725242
2000-02-07,-1.4950870876176987,4.382439877896878,-1.2738677793782542,9.143790149958857
2000-02-08,-0.5525837552379189,3.880061609379517,0.23004808812362376,8.951371490610603
2000-02-09,-1.4504597974757059,4.703254770293953,2.0949624478000217,9.751548107846398
2000-02-10,-0.7828196669681634,4.85911258188331,2.0427191075350635,9.453752367576701
2000-02-11,-0.009605069070426242,7.1550178067505765,0.9380731182918713,9.591410926596767
2000-02-12,-2.2441639199004335,8.66617193220414,0.5859002943781766,9.696178778989982
2000-02-13,-3.4428001070932446,8.874691273685634,0.30956064822784246,8.516567038457975
2000-02-14,-2.816708658538341,8.237753354696967,1.8993936099826714,9.434109120290334
2000-02-15,-1.5351799468151919,8.320967821557876,1.9729577762399388,10.21218419047048
2000-02-16,-1.9392732655419094,8.290168250545639,2.961042419774277,9.689204193805383
2000-02-17,-2.5761749028009397,7.687500073338622,3.7214571288903553,10.630985252856728
2000-02-18,-4.0510506250261304,7.045977123456973,4.8396280651754235,10.782837629305128
2000-02-19,-5.242103774454267,7.474228823009932,4.818383314701829,10.725449828676327
2000-02-20,-5.903029924388305,8.034238336115106,4.133911778736527,11.175483494311818
2000-02-21,-7.32396095094861,8.930466014597952,3.7565470894697772,11.227210467141061
2000-02-22,-6.959394517399309,8.531562626894264,3.420313973428891,11.690009937356262
2000-02-23,-7.4019084090970555,8.869880242460647,1.2409333924503447,12.991054779232178
2000-02-24,-7.38793989382307,8.029427003746733,1.2314550736228425,13.43647148718486
2000-02-25,-5.323715283324641,8.947555293213469,1.9716993025058147,13.182306207345603
2000-02-26,-4.6700719293450055,9.889933549642798,2.1044635276637718,12.109431879646095
2000-02-27,-4.490016233702603,10.482796782378273,1.6319887767793921,12.077401179929526
2000-02-28,-2.795783523007694,9.122156651675404,2.306698867855965,13.424793463447003
2000-02-29,-2.6860526878755655,7.663833392162632,2.159738829981454,13.262386669331992
2000-03-01,-2.4134617967110032,7.342378161770794,1.0255239800139564,12.356458526662815
2000-03-02,-1.4122215365923,8.573910330155533,3.1787733451900424,12.777606267756104
2000-03-03,-2.5974185049935694,7.43599300047329,3.1321527606134145,13.202801029212832
2000-03-04,-3.2851132888792964,7.643664836839093,3.7071151750524622,11.31904612309478
2000-03-05,-3.202048834540142,7.417672514723094,3.967257280138113,12.107573793592236
2000-03-06,-2.516762162649332,7.4271032303180995,3.875096952955715,13.122748616327286
2000-03-07,-2.227733123788236,8.293338249342371,3.882056307069405,13.07688296739158
2000-03-08,-2.6528429581457655,6.373033116970142,5.226133215887659,12.830883090299588
2000-03-09,-2.9738746019201674,7.313302281682967,4.290046047243322,9.91888583393408
2000-03-10,-3.3033624430542927,7.483153624056867,4.533991667844074,9.890880023376141
2000-03-11,-2.1277548191711393,7.17894724088855,3.706419085919977,9.944628326812724
2000-03-12,-2.3790580687862186,6.539341282585323,1.4323214420682109,9.754980656689293
2000-03-13,-2.8741245272810416,7.217946413310414,2.4184325482308098,11.373966028631058
2000-03-14,-2.9116241173960886,6.788843569927112,3.3421047335001783,12.535454869671272
2000-03-15,-2.4310232021099996,7.247382766551856,2.0314910057853863,12.816790116375135
2000-03-16,-1.8472355131469018,7.394252446873476,0.4643915994646508,12.27642902891904
2000-03-17,-3.5054141532118948,6.040800251317793,1.7137904404851025,11.94033885485763
2000-03-18,-4.954124817457788,6.123478820175287,2.553093125575667,10.561501312573922
2000-03-19,-5.7549088655901715,5.025245805016295,3.112769295927297,10.799112194453903
2000-03-20,-4.436536696623759,4.7495543010339425,3.143966622570917,9.838222097792146
2000-03-21,-3.220963796851138,4.582640968939923,2.3123199379533936,9.250053494579928
2000-03-22,-3.3750525564538356,4.678095862468879,1.8164005725758814,8.430218713867067
2000-03-23,-2.8475529705639104,3.8911929368703513,2.241461524964849,6.205483877591373
2000-03-24,-3.4351161072476475,2.0405020826335694,2.4393385857253493,6.402091682158103
2000-03-25,-4.0268324906770445,3.0648929888574776,2.739799726521598,6.622344861549897
2000-03-26,-3.791343549041999,2.0937507424528436,1.8052920050932606,6.718352268091413
2000-03-27,-4.1574540009601755,0.0621895730897859,2.829775472118205,6.680961285868341
2000-03-28,-5.489563862417737,0.717909366487204,4.236304772582707,7.272499224593909
2000-03-29,-1.9349560498184597,2.4359882074215777,5.082645023248427,7.388832694670216
2000-03-30,-1.9348618527014274,4.557461993936941,3.43184140603417,6.765372773103777
2000-03-31,-2.1526088050809333,4.519096956956574,3.369892034119117,7.297994641410806
2000-04-01,-2.4228105054684463,5.134554700668917,3.8505270745779447,5.848179212883849
2000-04-02,-2.0000821438355807,5.31029572641528,4.657443000823397,5.126594622113118
2000-04-03,-1.9431740687516053,4.595865520383015,3.286486977043676,3.706212491852334
2000-04-04,-1.2239251236788218,5.057301757946606,4.0723811121371085,1.8319135231240735
2000-04-05,-2.4922671325533905,4.089765181106229,5.235119391520623,3.2844774913978947
2000-04-06,-3.8100395822512123,3.0084551275230096,7.14052579915892,1.3581694198116572
2000-04-07,-3.1774510461437595,1.978297927660828,7.439406185961138,-0.4612894777332601
2000-04-08,-2.4074230598705464,2.513295987988248,8.049114422970057,0.392685981663066
2000-04-09,-1.6138336188449833,2.555386143457895,8.072518040140421,0.46699565810994986
2000-04-10,-3.123390005067092,2.9014053160986477,8.614212640069299,0.609385613574207
2000-04-11,-3.048901386117842,4.421890790712327,8.482325791514826,-0.35371441933189385
2000-04-12,-3.454495378223655,4.142638747545171,9.275159575792522,0.9634019231139729
2000-04-13,-2.714700641926548,5.077361383633336,8.586151119377886,1.1869906586721628
2000-04-14,-4.267103925679653,3.96229498232433,9.089152639556689,-0.09417591882429766
2000-04-15,-2.214242874926431,2.960535840836628,10.58109760488703,-0.002036205847539996
2000-04-16,-1.2913177981744461,1.2443785648162762,11.009679589257138,0.26793572813509675
2000-04-17,-1.0579030422510778,1.7214470761470895,12.377534496645838,0.8977796859115994
2000-04-18,-0.29277977963210167,2.6084112232546572,13.534963674730205,1.6236955400994746
2000-04-19,-0.32576321066258873,2.6586839523109234,14.368220196852606,1.2182028642325604
2000-04-20,-2.329845505805898,1.0546358313361601,14.119546494691175,1.3815023515502398
2000-04-21,-1.8685281760495565,0.005349977647406856,13.65093632544864,0.9089403671773129
2000-04-22,1.6594262037793202,1.3615281688045489,13.276714170489619,-0.6726619153416538
2000-04-23,2.8518188096402937,4.021737166949057,12.932571679553925,0.20927243096910153
2000-04-24,3.6720413380662973,4.93276716534538,11.881310260040367,2.4344479275790407
2000-04-25,2.9633058720779726,3.0263468217353813,13.058509870573552,2.5898963785982847
2000-04-26,1.564245261411996,3.1173343094554102,14.22645823603904,2.6626429785582792
2000-04-27,-0.46512646960995263,3.242145698707944,14.05915047689709,4.005221492509197
2000-04-28,-2.2507346901503924,2.410514676226138,14.672047067773052,4.061493327434438
2000-04-29,-1.5165870819788758,2.230404681213739,14.639611268002163,4.678026465856809
2000-04-30,-2.645830575020069,0.34240574772122634,14.236026634493903,3.1127735721996004
2000-05-01,-1.6023590687748055,2.259347593689794,13.000206678389517,3.905337103833058
2000-05-02,-3.417820461151549,1.227070650498681,12.569171405203202,5.23104164953067
2000-05-03,-2.936052147335841,0.4902473773542587,12.940482777196117,6.73297582811246
2000-05-04,-3.3211215709171156,0.4295053246880184,13.955900391684771,6.025018193958243
2000-05-05,-1.7592433514555137,-0.5529897256374527,15.213768736981645,7.006212543360145
2000-05-06,-1.8872573150805918,0.883222163673292,16.261716400733626,7.808928385250332
2000-05-07,-2.8582804869552794,0.9740970863575268,14.592609115224294,8.057568071365132
2000-05-08,-2.7394182078867955,1.1342841338072651,15.777226895470285,8.272239437282016
2000-05-09,-3.2224912998746174,0.03188537735296304,15.053641049405856,7.101490967019959
2000-05-10,-3.6962032923251606,0.5915683698693868,15.050159896921802,6.6242770479220185
2000-05-11,-4.246125654712035,2.1339592713754723,15.588198978203728,5.877616335477558
2000-05-12,-3.1765299221338594,2.2854837261222523,16.101978685140374,5.857369329702703
2000-05-13,-2.860572072946418,2.6382897605594353,16.072187816030105,5.23058786315567
2000-05-14,-3.209963395611587,2.5342485705774687,17.39831819984063,4.139104629071657
2000-05-15,-5.601351627243725,3.5408948292713687,17.63863834113199,4.273207124998218
2000-05-16,-6.158324473879877,3.718856036626681,17.477555573104134,3.231275963892182
2000-05-17,-6.090650731984677,4.239786615384683,18.190997277144323,3.212819628841019
2000-05-18,-7.418371642218486,4.5199245843834905,18.855107060491974,3.91085332817193
2000-05-19,-8.687545023563295,4.5455753666732095,17.9436323777822,4.351945210391483
2000-05-20,-9.225246356856971,6.137288857273011,18.34481039388791,5.186506203415137
2000-05-21,-8.547252426112195,6.712603201407794,18.488718695727112,5.414769430417016
2000-05-22,-10.403903986933894,6.396715983012258,17.460383371754695,5.121672367166846
2000-05-23,-10.819856001846794,6.092080983084429,17.470798304899837,5.278835937000745
2000-05-24,-11.026009293324872,6.067104693026559,16.965102824403623,5.5102527845706595
2000-05-25,-12.803521995076096,7.125830659182268,17.909343930502924,6.720239886196148
2000-05-26,-13.155775779158905,8.959891801575042,16.818897214343984,6.344120779482197
2000-05-27,-12.36488141333942,7.982084635854797,17.76312148899942,5.898545585463132
2000-05-28,-13.375979842020536,7.2626787613605055,17.448644042203835,5.605866026357493
2000-05-29,-13.31623496841905,6.247934934467718,17.294624040749373,4.285148587268859
2000-05-30,-13.454298685551288,7.6407707504104625,17.29762232386649,4.998588525483773
2000-05-31,-13.72944382202946,8.365627213073802,17.357871353772975,3.207248929583071
2000-06-01,-12.149180653675739,8.759918957236035,19.50040677175547,3.7416432544029488
2000-06-02,-13.103891398502094,10.395021338571087,20.191134103446803,3.8711925674121246
2000-06-03,-14.71845417480413,11.098929241801127,19.596360654231123,4.337206491286017
2000-06-04,-14.367120062802092,13.01362989499297,21.11436047228781,2.850267078574122
2000-06-05,-15.041989934344599,13.20236103654728,20.559836376284693,3.8369473462870523
2000-06-06,-13.282860350082485,12.673561408604998,19.863502400554687,5.336992091676846
2000-06-07,-12.911360255436655,11.6270182517592,19.364799952365534,4.6332507366879945
2000-06-08,-12.332331841737599,12.12054934134437,19.961081179095885,3.8316758443378784
2000-06-09,-14.015042690260724,12.848450344194694,20.000884429508922,3.50446111569451
2000-06-10,-13.951628075770715,13.975555087103785,20.08579315700152,3.642028018023444
2000-06-11,-14.789880329840607,13.354305146673012,20.416244148425438,3.937713970358242
2000-06-12,-15.258419039197282,14.597877815364958,20.623104614057635,1.6842419384935048
2000-06-13,-15.25535956039795,13.690513036093025,20.07418390423069,1.2681586971262957
2000-06-14,-15.106162705305954,13.990529982856218,21.116980031540734,1.9007150803476414
2000-06-15,-14.311344133309769,14.65705654239968,21.3220953383039,1.325397774554099
2000-06-16,-12.229936518865774,14.04174423121668,20.447542606612462,1.859151074664128
2000-06-17,-10.871669902293915,13.671193914336097,21.314161138374068,3.4361502486524618
2000-06-18,-11.38778097245406,13.203393189070214,20.25869234700038,3.0299994111207904
2000-06-19,-9.635813941305042,13.030578672649744,19.49586580459229,2.6936249509370853
2000-06-20,-9.161895276709755,11.547379099838528,20.344295247712676,2.4597293200219297
2000-06-21,-8.775891268963647,12.874121772875519,21.07941373758335,2.4028961554239583
2000-06-22,-8.933877895041823,13.599819477346253,21.624286224231128,1.8963604977750748
2000-06-23,-9.030539023120227,12.094791227502101,20.793881462232697,3.0237120285259382
2000-06-24,-9.036128953689271,12.96840404050177,22.55666357706297,2.648438327579742
2000-06-25,-8.570395719233742,13.813208440506596,21.5342607469137,3.2177693383916397
2000-06-26,-7.545617258068821,13.96791667406049,22.23579849738795,3.7447456288018866
2000-06-27,-9.57695621990004,14.107311216927066,23.533921986576882,3.2594668713076236
2000-06-28,-8.414145109628878,14.400349380633006,22.82598268303689,3.7755311995116947
2000-06-29,-9.209025479947064,14.894113244083936,22.61355895140904,3.846326995689133
2000-06-30,-8.899724140759579,15.707564930747548,23.179767229217063,4.395045755172076
2000-07-01,-9.153580276442662,16.23068041170957,24.027164124471646,6.133223758327393
2000-07-02,-10.290175861392349,17.267783047799792,23.542955046883392,6.199509722560255
2000-07-03,-10.0849704117569,16.169323600279334,21.98700761215914,7.023498023463209
2000-07-04,-9.700698529896995,16.774255356329544,21.83265987827421,5.8966976074459225
2000-07-05,-8.43553723384817,16.53665718042287,20.8115561369211,5.545569450945516
2000-07-06,-8.53011777862573,17.16533240976946,20.93606274205644,5.282017565806351
2000-07-07,-9.280102423505397,14.533541476896724,21.167274799199344,4.914531544312835
2000-07-08,-9.424992685239863,14.922684512170598,20.010405012141383,4.451768842046288
2000-07-09,-9.1677375617981,15.073134397637284,19.269332751367024,3.1555957993844546
2000-07-10,-8.617009318759509,14.823119646020517,20.414567108478124,3.927055237379416
2000-07-11,-8.353277316475872,15.163602933668786,19.950148541898777,5.433271985205606
2000-07-12,-8.912430799722543,15.890981273862279,18.228914082288203,6.069823067577825
2000-07-13,-9.41278521049739,15.208661410536259,19.047362052959294,4.928325547035547
2000-07-14,-10.490300335981821,15.502062365773329,19.096282634286734,5.060124037284842
2000-07-15,-8.387607032734067,14.387274626095154,20.84178936755828,3.5465785180148934
2000-07-16,-7.698337714905625,15.281803656174166,20.182454156319256,3.0306003857472037
2000-07-17,-9.063229056766161,15.116929260893977,18.524799423426266,2.5612052705609565
2000-07-18,-6.8695738650348215,17.24290898933457,18.638297766692585,2.663525336785683
2000-07-19,-7.0165497454225685,15.87193363489689,17.082160920010438,3.7249379435384093
2000-07-20,-7.492916914720121,15.07330201045081,16.60733324768186,2.5841552073473597
2000-07-21,-8.547800968424776,13.875969876618466,16.48139771945951,1.9982604628869338
2000-07-22,-7.55272287437802,14.521485404766626,16.019857581298467,0.3656693531520745
2000-07-23,-5.249807193884218,13.614085624444575,15.300033591346285,1.980655653795573
2000-07-24,-5.090705693886923,11.194334710669931,13.706040872187664,1.621825842433188
2000-07-25,-4.9603264728476475,10.64664679716029,14.024934521028964,1.987334050780755
2000-07-26,-5.883400453089952,10.516424145052051,13.301052437891084,1.0822275683965987
2000-07-27,-5.43646843388007,10.396848945939567,12.393196919101776,2.4165536084796058
2000-07-28,-5.625206409936038,10.793440342716025,9.498239192740172,1.0551587467278942
2000-07-29,-5.6825290892493445,9.411353773067638,11.343032190103047,1.8559061971724522
2000-07-30,-4.32180050229594,9.212939289600568,10.710167118434294,1.4109922631680332
2000-07-31,-4.0150774576484745,8.650238600627484,12.02168386026991,2.1051975393966287
2000-08-01,-3.73739602149328,10.18847668349465,12.411698805538087,3.2100131154472447
2000-08-02,-3.142428377727478,10.995131583625133,13.11765008958791,2.53227827333444
2000-08-03,-3.180565537205278,11.09950625989418,11.509267679166156,1.8374002337533752
2000-08-04,-5.544632172536574,10.962027620700932,12.290774210663363,2.2451256445875787
2000-08-05,-5.097006239675718,10.441054477306823,10.790533959385085,2.4901054877005144
2000-08-06,-2.9757449407656824,11.012755117367876,9.481669964504949,5.050647943879982
2000-08-07,-1.4048386161156177,10.544034528857555,10.805486314901392,6.3105680617445765
2000-08-08,-3.2243624282864216,10.602677098824836,10.650340377146009,6.654205072730501
2000-08-09,-0.8331380136705921,9.25458041828295,10.624980801552125,7.603594723254005
2000-08-10,-0.23718758695366615,10.161157083806799,11.020826853944733,11.180126378324836
2000-08-11,-0.9030829513020374,12.072448900761009,10.228768994074915,9.834697836664336
2000-08-12,-1.1082004072535305,12.202725217590322,10.897690905619708,10.02736206027853
2000-08-13,-1.2504143581240754,12.56159932787383,10.044181685197353,9.381399943936415
2000-08-14,-0.23160437117984234,13.916047391235601,9.31325228730523,7.959853703289126
2000-08-15,-0.6048750459264678,12.226104374290513,10.43595646211769,7.329985053637106
2000-08-16,-1.6643920888533408,13.958425051323944,10.313992687421562,8.748346309367335
2000-08-17,-0.8031539662509803,14.693197549134803,11.711451169741423,7.554620070462168
2000-08-18,1.2002214807786753,13.925095698360934,13.20419058277414,8.459633468896277
2000-08-19,2.137132575710755,12.872447471464596,14.318248080103562,7.069405637445279
2000-08-20,1.7013175094734232,13.939034417515009,13.735238806075339,6.196127709362464
2000-08-21,2.8139966723389476,13.476060798758965,14.610816657535628,6.667479824115738
2000-08-22,2.484706786675517,10.505826119420993,15.086514866306914,5.942211963508235
2000-08-23,3.2943413156263466,9.470370297675892,15.00865634517181,6.640911585359891
2000-08-24,2.5524811607886906,9.932099490528353,12.623867777130522,5.234810720165129
2000-08-25,2.564319526107933,10.178838764976765,11.293353910015096,5.788245596099717
2000-08-26,2.4052197474216754,10.784170172201568,12.070110822493213,5.982670645249093
2000-08-27,3.0139205684010295,10.840749269494388,10.971232652010826,7.605549577357179
2000-08-28,3.1052984549452383,10.01482347545165,11.009869329375059,5.826453420725939
2000-08-29,0.9361357027721069,9.754840999266257,10.598425470228173,6.266956926545239
2000-08-30,2.420079632557786,9.89600377753793,10.417366634376533,6.095157970339008
2000-08-31,2.4281639917006137,9.328689157329777,11.168238522135779,6.435288667501492
2000-09-01,0.6091489858465637,9.409962068138276,10.086851766465188,4.104623490662478
2000-09-02,0.02145596071492617,10.939817573646705,8.281253246693522,1.6128524500909478
2000-09-03,-0.48101810702273395,11.947344147852597,6.5747115900768325,4.371267302261515
2000-09-04,0.6669538305664429,11.809369795816135,6.429374138114035,4.00029616795741
2000-09-05,2.4570171672848184,11.18378263908356,5.604855693986034,4.973936835005357
2000-09-06,3.4246033528535524,10.443666284158192,7.132121345192084,3.937361680097313
2000-09-07,2.8332283612444322,10.227114962720389,6.961659941837709,3.9197358958322237
2000-09-08,2.324805174988579,10.89807953203819,5.65638118962284,5.216030880879148
2000-09-09,1.4225380667477592,10.178246657778685,6.94942797702111,4.500683099026567
2000-09-10,0.7656697473337728,11.674308618477326,8.501446043255587,3.7496165519596243
2000-09-11,2.163689633885757,12.872799462313642,8.899435965337348,4.84331024472111
2000-09-12,2.2987646075698196,13.188691567111915,10.453082365795087,5.096649145070343
2000-09-13,3.1907248272514366,15.012605459553876,9.812111820200071,3.8293311557956615
2000-09-14,2.5145821733842664,15.371790317185786,10.269151564728595,2.3373315189357466
2000-09-15,1.7831364590738428,15.638873238654433,11.139684145723978,2.8780059665187525
2000-09-16,2.520206074138052,14.395368050842093,10.508420041882468,2.397018698345357
2000-09-17,1.6239991382610468,15.085173224311612,11.330728959209976,-0.5061667591455983
2000-09-18,1.822681488083298,16.230373350013743,11.906108006719016,-0.46016298029506725
2000-09-19,1.485043524804005,16.009959630410645,10.529984731939866,0.4302292825172244
2000-09-20,2.1993466096319603,15.605642385507316,9.239970373023437,2.3999664777017866
2000-09-21,2.317777733967714,15.508218374368859,8.809070946590765,2.7368434847366907
2000-09-22,1.9561063587362484,14.42139521425702,9.270866795538016,3.2950030747258583
2000-09-23,3.8571919161932504,13.258634025217525,8.434985909901272,2.5847644481490235
2000-09-24,4.706431366456365,12.708454143664556,7.480503837072255,2.1069241663957827
2000-09-25,3.412348718168219,12.521254593530964,6.9121974328910945,1.2016543738899836
2000-09-26,3.230259378142324,13.318770290159499,5.547705387023903,0.67663371497894
2000-09-27,3.0330094410551407,13.467445162424951,7.259996958900803,-0.5745523424782834
2000-09-28,2.972590765153688,13.354917580637903,6.219631406453338,1.0825011733386507
2000-09-29,3.988645583258524,12.950051200478681,7.102075201875128,0.3575180487832268
2000-09-30,2.473009369883904,12.497922136606178,6.7524074374885,0.9230328878722752
2000-10-01,2.4624467798146408,12.664863875459018,6.860432006408688,1.3500798639006641
2000-10-02,1.9061782190714,12.597398045534808,6.333166246991821,1.6376380578213803
2000-10-03,1.9602472518617597,12.714976433110643,5.991359558600616,2.8964439121870864
2000-10-04,2.6673774798516394,11.0322900093575,5.961142891860975,2.217651447256804
2000-10-05,2.0570428709948447,11.060367122156274,5.082317524041273,3.2454989040246547
2000-10-06,3.280383604787473,12.404541775335879,5.727665142959746,3.4340532366544205
2000-10-07,1.3702291087693195,11.57771681626228,6.8021888197068545,4.777800329082707
2000-10-08,0.7032593632410942,11.123662933728502,5.334498333286624,5.347227364223039
2000-10-09,0.7582643067593362,10.783171201917332,4.935368968273355,4.1706569202598125
2000-10-10,-1.336079730175185,10.745302361863558,6.145925533833816,2.371978652013227
2000-10-11,-1.5023390141789261,10.774322143666307,6.866189520326828,3.184220093355364
2000-10-12,-4.021436221266638,11.45581087615856,6.927360333752296,3.897645027842339
2000-10-13,-3.7141209191269358,11.347652283772055,9.032036768189828,2.804013867712781
2000-10-14,-2.968017965221496,11.337356180695116,9.546423883197074,4.084902344673174
2000-10-15,-3.134400246205368,13.772930193643957,10.500007776173451,3.2845726214526194
2000-10-16,-4.115505991927565,12.420230602038377,11.523685959005801,2.6458089228114106
2000-10-17,-2.9644172210222814,12.583184905236465,12.634286433654417,2.4337037328640165
2000-10-18,-2.31326017368961,12.857062969770466,13.722205039056837,3.8561874718781075
2000-10-19,-1.3062249264009886,11.583996812526655,13.573249601123496,4.373575446612693
2000-10-20,-1.6904267856729627,11.809875636197583,14.036286879663518,3.079454163064876
2000-10-21,0.27544332237667524,12.662242783478456,15.139609931764777,2.3892909410724923
2000-10-22,-0.45832794632826346,11.680422520350879,16.178891499007015,1.9954984171671553
2000-10-23,0.4841762674869978,10.73059041355878,17.365437638692455,2.993786523136027
2000-10-24,1.0276243044979438,10.131784802151527,16.14166340868169,3.4094076000166207
2000-10-25,-0.23521015709243875,9.801452763636545,15.125558408343693,2.878470363867457
2000-10-26,-2.088259152133995,9.465279972445568,13.955224256442925,2.5015445315676876
2000-10-27,-2.5163782948344924,8.15403029093611,14.315088692899007,1.6170236378201248
2000-10-28,-0.3045006985327614,8.649453241266261,15.682381237955399,2.6837781865896453
2000-10-29,-1.2427938039671333,8.106804780533489,16.185411119128783,4.045555008524293
2000-10-30,-1.8171733556282486,7.870456214614667,16.845592816205116,5.102794502821762
2000-10-31,-2.2631034559065375,8.487632915171632,17.835099392800476,4.970080639694798
2000-11-01,-2.5738138440973,7.922759496785819,15.981075137773976,5.980360799047206
2000-11-02,-1.338424622146141,6.98199709672968,17.63139144342802,7.291620071052526
2000-11-03,-0.11029386877231628,6.233493884802842,17.96828266862257,7.473872499538206
2000-11-04,1.5016213374929617,5.199893746541692,19.211335793196305,6.715894382906224
2000-11-05,-1.7480995571267752,4.040231958512427,17.97753814433011,8.01665589442511
2000-11-06,-2.437748727167371,4.28975133642055,18.60063974248664,8.764176698461268
2000-11-07,-2.13351827268849,4.766962969056949,16.227226879339934,9.382363734748889
2000-11-08,-1.1004102953003083,4.744499074228891,16.529278185193018,7.681315587131298
2000-11-09,0.7973986330159593,5.860903521725667,15.968057951683639,8.514907765912225
2000-11-10,1.4325956914829467,4.766902634704044,14.508509598344473,8.113900215893734
2000-11-11,-1.0648330381266333,5.873865178387066,16.354923712411257,5.91167143639573
2000-11-12,-1.1860080788413443,3.703104957657518,16.441838189218924,5.391379458182162
2000-11-13,-1.9848544442707599,2.6282465125795667,16.220660557905124,6.017193542730227
2000-11-14,-1.7752554473168125,2.5426666243225715,16.592561667353323,7.105529541497885
2000-11-15,-2.0793130588533595,1.7537692324564484,16.261840422469746,8.286482497084856
2000-11-16,-2.640612800167306,1.2475887570287265,15.58119339305772,7.395434887173015
2000-11-17,-0.6541462532748774,1.7135677623367873,15.986525358452868,6.873547027245654
2000-11-18,0.11585053033434067,1.752671993744367,16.290079587745417,6.443596126264165
2000-11-19,-0.36489013271809123,0.07698198675484935,16.72530059506075,6.933732007906878
2000-11-20,-1.5066912135728323,-0.3640173139239886,17.30520820762949,6.888499130342847
2000-11-21,-0.911092457851914,-2.491871902661814,18.36065204255945,6.980753621906974
2000-11-22,-0.18141224742851358,-3.0587940222035037,17.71043416672624,6.150279167283819
2000-11-23,-0.3676165978166497,-3.389356069535474,18.67848075994026,6.975185511824154
2000-11-24,-0.5711242389777735,-3.142609289498955,18.8931171785682,6.630099275199988
2000-11-25,-2.5496927108204286,-2.9408066150688312,18.538052381743412,5.261018397337743
2000-11-26,-1.156343811992309,-4.426998675730794,19.02630134314953,5.557116892863972
2000-11-27,-0.46342230519817607,-4.392773981716991,18.325538045297467,6.388366374812877
2000-11-28,-1.855935495913612,-4.707978053479554,18.934657060654832,7.007395170256398
2000-11-29,-1.2214963198785997,-4.6727533089004165,20.282952502410595,7.5401338148555705
2000-11-30,-2.294513918739683,-3.9667466298764955,20.33917070928008,8.492209720902133
2000-12-01,-1.3264189659976753,-3.8578728908871502,20.82621888938461,9.911792281716396
2000-12-02,-2.991651964866695,-3.344661937171341,20.082599716945197,9.6267487174711
2000-12-03,-3.0845808900563396,-3.229743036100152,20.925123803155074,8.40250546038796
2000-12-04,-4.636588352920299,-4.562332565494011,21.5864941747688,9.221015886084027
2000-12-05,-4.63631942407023,-3.873630347121144,19.65888016636684,10.334819845810015
2000-12-06,-5.382134825465995,-3.6666756842044657,17.904134108823776,12.086558941751068
2000-12-07,-5.5290844976227795,-5.216432593713729,17.22698628029875,12.944678988375344
2000-12-08,-5.957876699580437,-5.925172062527538,17.01649857412691,12.7746386329922
2000-12-09,-6.18367798448734,-5.225921901494158,19.189953162171218,14.192660215364677
2000-12-10,-7.182226800447509,-4.946106872046068,17.538357683521333,13.56620846584272
2000-12-11,-5.433504792887307,-5.265286969697508,19.360646396775405,12.345924853411088
2000-12-12,-6.072370862559388,-5.250307237623847,19.005193532922814,12.465428740973707
2000-12-13,-7.054083445250198,-4.737697519632703,19.67933805440287,11.301234985986525
2000-12-14,-7.279224278546721,-4.477570686926975,21.796477460188324,11.883189773971322
2000-12-15,-8.73036219330442,-3.449932200543559,21.803008243718832,12.691108513613027
2000-12-16,-10.831853039916949,-2.1942167596077526,21.95606252447471,12.529891575195192
2000-12-17,-8.804963078492191,-1.7556965469577075,20.404035598151037,12.437839127772909
2000-12-18,-7.470106579711318,-0.36990931821138506,19.266700929667557,12.799143192600061
2000-12-19,-5.8296700678675375,0.9722820156976326,17.966400733408044,13.738368236036024
2000-12-20,-5.821126410688381,2.1518451331311486,17.96011123679453,12.828346562194358
2000-12-21,-5.936978264957435,1.845277725294839,17.601027421641625,11.948967435346797
2000-12-22,-5.863563318265344,0.7018619691496899,17.06029541522695,11.706582540600879
2000-12-23,-5.150175199676225,0.06797696371324646,18.344882922673957,12.649481734373785
2000-12-24,-5.317389925481757,-0.48625108775191417,19.57545842779345,13.641720762320102
2000-12-25,-4.089139486002409,-0.20519134287847152,20.59362289504384,12.168414319777138
2000-12-26,-4.428452930505383,-1.0984056117175176,19.50734241753883,12.198892606035683
2000-12-27,-2.8972768723023905,-1.186171020366877,20.306837688564595,11.648863788128757
2000-12-28,-1.0558246903068937,-0.668002737231695,20.194956099133947,12.591041507507153
2000-12-29,-1.2337470739529617,-0.3778827744129995,20.073963038743994,12.52524221060937
2000-12-30,-2.325572785935558,-0.3908485082560691,18.638679740541036,12.91224415707293
2000-12-31,-1.3255024238806978,-1.3202187596756692,18.032173627709295,11.827976144517955
2001-01-01,-0.4065713612156078,-1.132146761436323,16.592656976945335,12.335793500264387
2001-01-02,-0.9513679547205504,-1.1098679052881915,17.748452406543876,14.410036448276127
2001-01-03,-0.08931915077146735,-1.523038347027024,17.61905259571487,13.405459238114865
2001-01-04,-0.9546279231832293,-1.9471538579168484,17.702987930240226,14.267810208313374
2001-01-05,0.45427839409357573,-2.60693860985506,19.139578712370238,14.783209508375355
2001-01-06,0.2865784366812113,-2.2226424617792317,18.825018660402716,15.285630976177707
2001-01-07,-0.2618010415350881,-4.136177388120668,17.408520511190375,14.987041444241754
2001-01-08,0.35254549262632917,-4.895156226532249,17.00471262097007,14.966717379237037
2001-01-09,-0.5349957012239247,-4.432249312206486,15.59584739565366,14.71554624894031
2001-01-10,-1.4605642324238954,-3.8041581462936103,16.29783833614598,14.141202371929952
2001-01-11,-1.109804835764292,-3.49853970292853,15.995642256918705,12.826835384471226
2001-01-12,-1.1745459502519706,-4.3671146619372765,16.115587711776325,13.973334812578738
2001-01-13,-2.0624477806807353,-3.7034096655718067,15.192951944154876,14.093754498216617
2001-01-14,-3.9046964803077757,-3.685901446832951,15.822839883982695,16.151204344854694
2001-01-15,-2.7497142827608183,-4.619249335957887,15.918593328064878,15.76721117527154
2001-01-16,-2.4374265394366983,-4.124270781713577,16.960741860730923,16.106319510853055
2001-01-17,-1.118910463615274,-4.637753664938218,17.20869134219729,15.798915833712295
2001-01-18,-1.0477253531946018,-5.832817957566931,17.887383580959966,17.48393640033176
2001-01-19,-0.750323205658859,-6.036560318512125,17.37010705172659,17.432164900357726
2001-01-20,-2.8370566221752287,-7.481130809892894,18.405424728986205,17.898043615081747
2001-01-21,-2.5545520262641612,-7.622784281968332,16.490003172572482,17.212067036897153
2001-01-22,-2.0129910726249824,-8.817931899262414,18.287936036103233,18.156616429579742
2001-01-23,-0.7291394966433284,-7.269424833307583,17.826629899599006,18.899562657858528
2001-01-24,-1.1621806604181146,-7.645054577031518,16.684514748158954,19.625795263887234
2001-01-25,-0.8098384318424869,-6.180347831356418,17.55526588498286,19.317650335446327
2001-01-26,-1.4455898863357746,-6.3396921887918385,18.129695537827118,20.686111904378315
2001-01-27,-1.6726667649699711,-5.579170113718333,18.805608992477772,21.789344276747652
2001-01-28,-1.2339880828559082,-3.9166586108992894,18.16457649060797,23.990931210274418
2001-01-29,-1.1873713736423388,-3.9761903146020385,20.597603164921964,23.1685886610932
2001-01-30,-1.9758183583066478,-4.188758128661272,20.72001255930877,23.460427760006997
2001-01-31,-2.6993080410634622,-3.2510410989789023,22.213788327063472,22.08612559021109
2001-02-01,-2.3623947146736026,-3.3194878356247357,23.986930683921273,23.23260429888165
2001-02-02,-2.5364347600297212,-2.3784752842762447,25.034514489287087,23.528666268160904
2001-02-03,-2.239865902260468,-2.1606781346978563,25.31613888461967,24.762038672955633
2001-02-04,-2.570710521060972,-3.48108754249464,25.864766645608633,25.40495161384314
2001-02-05,-2.0014812649364706,-2.6838019421161023,25.17209955125271,25.978456193967403
2001-02-06,-4.630492850882304,-1.736036929062852,26.367221450714737,26.674623462357705
2001-02-07,-5.235957094760572,-2.144836350746491,27.136817987635613,28.045710259262332
2001-02-08,-5.4664651742377774,-2.9664561384199337,26.152156400279615,28.13425823492359
2001-02-09,-6.743942807091139,-4.653648616364467,26.028589487805064,28.63963083834128
2001-02-10,-5.892149524588705,-5.857591529416003,26.724361100398912,30.48665056756861
2001-02-11,-5.89122978403727,-5.321606638815199,27.76460728954956,31.50364913969654
2001-02-12,-6.032462104084131,-2.5508381796866915,27.779293281064504,31.79913297112291
2001-02-13,-5.033895417262584,-2.6652871971615837,27.661169960430005,32.20239575499168
2001-02-14,-4.896651345516064,-2.7160134930847906,26.892735031736684,32.15947644952153
2001-02-15,-5.375028487737351,-1.9434333411892037,27.129668355893134,31.97391664162191
2001-02-16,-5.840534619146825,-1.686799572327864,26.300997402129536,31.021914954652164
2001-02-17,-6.408026359752436,-0.4806988527860525,27.21697452955924,30.197735016526405
2001-02-18,-6.270226552913007,-1.367922500403786,27.75509424742524,30.79544922073432
2001-02-19,-4.518705493933691,-1.2160230718857645,28.21414461031293,30.64186773859014
2001-02-20,-5.391791491228371,-0.24779643050568534,28.44671857186535,29.269748893335127
2001-02-21,-4.682451623762618,-1.285795273676507,28.912510585114227,29.93118189878956
2001-02-22,-4.579303200399497,-0.020288807544439402,27.507675299888668,30.11521852232782
2001-02-23,-3.4964977695882853,0.9612831810945345,26.427487996656403,30.65978387299652
2001-02-24,-2.7735624163604795,0.8157539155940094,25.912783848939885,31.156669731745023
2001-02-25,-2.712460956360891,1.202985186274308,25.825622601019894,31.213220095265324
2001-02-26,-2.2318805235018684,1.5313365357888487,27.228424951204012,31.68586918221315
2001-02-27,-2.1348615093720973,1.4482170908066112,27.65226771548713,31.299953577165407
2001-02-28,-2.554557264773224,0.6718726977131213,28.648602527461474,31.008067561315233
2001-03-01,-3.3538543781455785,1.1271718154724149,28.285300077098967,29.696966986769652
2001-03-02,-2.4270470596409544,1.216370881401566,30.204191152614257,27.68904009908888
2001-03-03,-3.4768186404912074,2.2596280350227356,30.42273031667325,28.488782355690272
2001-03-04,-4.793374957266039,1.5841702307554835,28.204523102693518,28.203882610236843
2001-03-05,-5.013714617898105,-0.5658899818829259,27.864941690812696,28.517729930677394
2001-03-06,-4.421603376907094,-2.113417949950902,27.240713361553386,29.393167066400792
2001-03-07,-4.168215356934091,-3.1346239315632096,26.825043388004826,28.92050484769677
2001-03-08,-6.054400141298169,-3.39184871924298,27.30823345956449,28.542374741583156
2001-03-09,-5.7569801989044915,-2.672102697548749,26.66160883079603,28.29022946728531
2001-03-10,-6.769454518273498,-1.365282196802514,27.46083924851705,29.11752905691882
2001-03-11,-5.765537374987744,-1.330777054283374,25.984350276056112,29.888154308573252
2001-03-12,-5.659559134950355,-1.1421597888670747,24.44269114800197,28.964607150647794
2001-03-13,-6.904833555563703,-0.4798767762105509,24.941271907657423,27.931555385695162
2001-03-14,-7.433654517490236,-1.2860092145932678,24.506725425565488,27.604899245751724
2001-03-15,-7.871068067474171,-1.542961851854385,23.73835933043349,26.908338761460552
2001-03-16,-7.208281949405009,-1.1192171610258037,24.606755287016167,26.282476726109966
2001-03-17,-7.475041969208358,-2.820510692313497,23.11074817039624,25.417382311449824
2001-03-18,-6.352030038117003,-2.9454676757552014,24.639153306097562,24.859071772683578
2001-03-19,-7.668660972810554,-3.386639232260258,24.917388572783764,25.443581806909712
2001-03-20,-8.29240088885907,-4.444072279617495,26.645561674903867,25.676291596543265
2001-03-21,-7.910351033074913,-4.390068400893968,27.476118304990038,25.76484243530388
2001-03-22,-8.42478716159112,-2.661117783065034,24.9481309982336,25.864936210893664
2001-03-23,-8.258144752211576,-4.182794280795809,26.52143443045674,28.244703939841393
2001-03-24,-5.243756594900958,-3.7639179614628957,26.61896070886706,28.191420393014155
2001-03-25,-5.871894818679394,-3.6004305943223027,26.08099619685851,26.027571262252863
2001-03-26,-4.1465733071020034,-4.400341942370948,24.529153418906542,27.824406119376825
2001-03-27,-5.522625306374219,-4.243798894793194,24.507777672180357,26.82626215713319
2001-03-28,-4.869796787909923,-4.169042468441378,24.741545870880472,26.289961851114104
2001-03-29,-3.8542420977200944,-4.188761216427942,23.963661876921826,25.880110096756432
2001-03-30,-2.3327281864539335,-4.896893902593999,24.558179631877717,25.90576419511637
2001-03-31,-3.1672178365405417,-5.358004750580111,26.839538990027226,25.11911454856229
2001-04-01,-4.405291901971495,-5.875578437440575,25.848079678469908,24.239494060837615
2001-04-02,-3.940558796648244,-5.328341755411939,25.68474698026733,25.533445683100513
2001-04-03,-1.7367187312558716,-4.3814196758764306,24.117123996476217,26.489443318207787
2001-04-04,-0.40940167477581935,-4.654213416619986,24.295326441544745,24.86267286723915
2001-04-05,-0.10414193685440082,-4.396931337573767,25.318523212255272,25.2837388506225
2001-04-06,0.979247619839102,-2.387130045810191,25.963244949079904,25.65355262142358
2001-04-07,1.6301791636113465,-2.9161385390973944,26.259702241826787,28.04142426154125
2001-04-08,-0.4450230148439671,-3.4729275667119985,25.55874318221387,27.408923927371223
2001-04-09,-1.1076994467375,-2.7815018247925054,24.97405838682891,27.755422891763565
2001-04-10,-1.0338175371693976,-2.115633698387242,23.189571385320473,28.018057040657098
2001-04-11,-0.9333449030102896,-2.7009723937045598,24.278376050348793,29.76905504300454
2001-04-12,-1.0572135837927246,-2.5745849046948996,25.120948791276618,30.656921591417902
2001-04-13,0.17010858750032765,-2.5896520905575153,24.309491297335008,30.247907732016387
2001-04-14,0.3847737664125103,-4.2152740974843494,24.595002212254766,31.982292540440852
2001-04-15,0.2783358756128372,-4.594279135911933,24.53422584860904,31.38790187033294
2001-04-16,0.5823960970180918,-6.299363074288992,23.37154531231605,31.305029757020474
2001-04-17,0.48727587323628885,-7.7844348520645905,25.10225979731495,31.050299343578146
2001-04-18,0.06414908020864529,-7.396978142054819,25.942406973499754,32.03599346189183
2001-04-19,1.6653140848930483,-7.1344815641112485,26.287360419325054,31.813495891204756
2001-04-20,1.8581953614577746,-6.917364385489493,27.042778947494607,33.852394822186746
2001-04-21,2.159050192842182,-6.912484295317227,25.651587868033268,33.59799980939825
2001-04-22,2.008474135156036,-7.078802655847037,26.84756942880189,34.35821550455565
2001-04-23,2.5015678170060083,-6.604503835984372,27.113530048767434,34.66585885194626
2001-04-24,1.7922845493501147,-6.7716098070625375,27.83117276223236,34.337498794704366
2001-04-25,0.40086610848101856,-6.6757477575637765,28.229015317439103,35.41984920589425
2001-04-26,0.8611821311167732,-6.8392739372039095,29.292514965078947,34.93686944711609
2001-04-27,1.3451480205837323,-7.428168914333055,28.97612918995089,35.68828574269725
2001-04-28,-0.13916469697608203,-7.694498314661473,31.079479147827115,36.30959726327746
2001-04-29,-0.02559345687948303,-7.037711478921322,29.785226993276765,36.622950698112746
2001-04-30,0.4210088882528409,-7.787173746815929,29.95617604735621,37.90229472915127
2001-05-01,0.20726879922718336,-7.572971371763619,29.86983196933541,37.85330940647203
2001-05-02,-0.8596940065472518,-9.28067490334853,28.145016912770668,40.1705894699492
2001-05-03,-1.2919073989276975,-8.560901618273045,27.862860147322873,41.43984819382181
2001-05-04,0.685859783633054,-8.231963419792098,27.794730976623217,39.51346203055784
2001-05-05,1.7318977223811878,-9.968529489714763,27.106625301159017,38.92869881870036
2001-05-06,2.7510703072260014,-9.901961536730035,28.640696880671722,38.15877231266695
2001-05-07,2.7375764742824718,-9.043845553907962,28.13521675980797,37.90042149458266
2001-05-08,2.9205616659794265,-6.989863098474325,27.587128189441266,37.941144301777236
2001-05-09,3.3059375021782325,-7.489042310402279,28.03385527639065,37.151269580137225
2001-05-10,2.092501207146287,-8.339130375102458,28.050967021330756,37.125846419986054
2001-05-11,2.39328113167057,-7.357636859212488,28.071020918010053,34.76744469190263
2001-05-12,2.651158622634075,-8.73614351303132,29.675432764106546,33.66972769660056
2001-05-13,1.375872496137056,-8.838725529153622,28.636189689432083,33.07535926720786
2001-05-14,3.2529176408300815,-7.941030229104088,28.764943583256617,34.308869059426456
2001-05-15,1.6313851484582542,-8.526133919417376,28.394637641506804,34.57642933566932
2001-05-16,-0.6939283951474626,-9.231061243675152,27.027240293960897,34.67492781816634
2001-05-17,0.9133334444016061,-9.624446806263357,25.670195113340668,34.230430706791694
2001-05-18,0.7262232760242107,-11.702504004777216,25.580003796685524,34.73372297615119
2001-05-19,1.0570196452089062,-12.405542166672639,24.923058049663016,34.171256750990835
2001-05-20,-0.10263072844546706,-11.38288256936556,23.87023754951176,34.06928799906228
2001-05-21,-1.5561613939322334,-10.47650594563215,23.69525840457566,33.53993766769525
2001-05-22,-1.7967425742320053,-9.004359385666337,24.496780728614084,35.792886397250825
2001-05-23,-2.811058064407598,-10.221870174962648,24.40574213079916,35.09364774471285
2001-05-24,-1.7614795405326817,-10.489098003455245,24.648546439113794,36.04546879331394
2001-05-25,-2.695532477993405,-12.310720392821647,24.21759850708124,34.66512049970943
2001-05-26,-2.4861394457071153,-11.686742905203824,25.729228960620503,35.284848033713764
2001-05-27,-1.5443890807937337,-12.019140016262245,25.584588119515953,33.9977686816106
2001-05-28,-2.156177881805385,-11.414508105611132,25.380756325155275,34.51349286617265
2001-05-29,-1.0783490911905136,-12.033508527487731,24.495406096884288,34.16740467065275
2001-05-30,-0.384977964393284,-12.191687871873613,25.52297353690596,33.28160005203755
2001-05-31,0.2905657938243903,-10.814258649846234,24.25717006749934,31.26562236913596
2001-06-01,0.08141573628504575,-11.14379808546806,24.71125716882652,30.800823197710056
2001-06-02,1.1922122305643967,-12.026254895810961,26.134147158370013,30.414481849169988
2001-06-03,2.1591975264190992,-12.676790067333187,26.64103294486542,30.683823539097116
2001-06-04,3.5799696561097067,-12.518600644240982,25.272613856295408,32.28577377611068
2001-06-05,2.376747272707711,-11.774519532435043,23.812373619419148,33.44452988406052
2001-06-06,0.6062431939485549,-10.862969338841665,24.542759246792986,32.17793881088863
2001-06-07,-1.9847391916800985,-10.368332353473377,24.795501510142824,32.990149812131065
2001-06-08,-1.8974317782561554,-11.688796879757756,25.09606155486288,33.235029065856985
2001-06-09,-2.994495730147804,-12.01949571599012,24.815382032089957,35.05631595935458
2001-06-10,-2.5910583108548146,-12.609477546286026,24.682395544189937,35.14363254347863
2001-06-11,-2.413533222409405,-13.707665588403245,22.48590526911916,35.271345279565736
2001-06-12,-2.9599536831690894,-13.321994471131463,22.19831584945121,35.62237115566367
2001-06-13,-5.023552161079348,-14.496610669871455,21.303423923059285,34.24886948957409
2001-06-14,-5.946684328787004,-15.637884551751153,20.340897213991706,34.72960034241569
2001-06-15,-4.597499416778297,-17.107240726481987,19.528493785845903,33.73008827347073
2001-06-16,-5.242512696943871,-16.79471303151969,17.94312690834105,36.125904094888185
2001-06-17,-5.855647692744485,-15.824218460530744,17.36920093843022,36.53441797861758
2001-06-18,-4.365279530095812,-16.460220061990782,15.980823645017102,36.79742084256869
2001-06-19,-6.262224938027387,-18.21757646619858,16.227787495068643,35.694627755321164
2001-06-20,-8.32773997609339,-18.611272651925642,15.111743094779534,36.03654216010988
2001-06-21,-9.174002108274955,-17.49554161191365,15.387017034745442,34.82483344035805
2001-06-22,-9.022509574416146,-16.3300149395264,15.836651330038157,35.120474159587225
2001-06-23,-7.871970506103559,-16.36249189753442,15.80326290560737,36.58776999124121
2001-06-24,-7.18605805282263,-16.83845719064602,17.18791780878313,35.33370506931838
2001-06-25,-7.016169227253407,-15.963330632654268,17.658061228072672,35.44736142750291
2001-06-26,-7.332417929810893,-16.214583246343008,18.29187580779066,37.070439556595396
2001-06-27,-8.6956714025468,-16.23118251984451,17.061100218446537,35.53752677442665
2001-06-28,-10.395499645056876,-14.812353303738206,18.020913257451546,36.85758026341978
2001-06-29,-11.468227266186487,-14.442014126730994,17.31835699148242,36.39238940580585
2001-06-30,-12.774657526937396,-15.08058182910899,17.216918481064138,36.56979504881821
2001-07-01,-12.721257380469599,-14.665067365499244,17.129754916829615,36.500646408560584
2001-07-02,-13.117224752603297,-15.941882703522886,17.40502119978193,37.837674075258214
2001-07-03,-12.103274622095823,-17.375555108748063,16.09255793086448,36.38560526878982
2001-07-04,-11.389710346297912,-17.071363080315173,17.437065237963292,36.228227792428086
2001-07-05,-12.110859812005765,-16.72356798544492,17.11094751094821,36.02780624631913
2001-07-06,-12.707025952114895,-16.38269028310067,16.280617082203143,36.17851452754575
2001-07-07,-13.49523363786335,-15.698764804809302,17.262566263381157,37.01171052127106
2001-07-08,-15.17198225325768,-15.87660156126062,18.401566087885364,37.944392197399175
2001-07-09,-14.839892651223769,-16.133065616725098,18.810567551032456,37.07506746930363
2001-07-10,-15.344938368477752,-15.553786658406644,19.64075202561212,38.23014992567311
2001-07-11,-15.527444498839493,-15.285937469366738,20.556169257527557,38.578962267169615
2001-07-12,-14.908717753699442,-16.09399271503742,21.477483701581118,38.00775912847795
2001-07-13,-15.521003516498237,-16.71388886684915,21.82176442930448,38.416405949937264
2001-07-14,-16.288177547792532,-18.536693559621778,22.190675750323358,39.180032077836216
2001-07-15,-14.649140002172981,-18.7365114325608,23.90408263415783,38.755764996108155
2001-07-16,-16.172610085556236,-19.11503759640202,24.126513496647455,38.151887278834856
2001-07-17,-15.508500427750446,-20.211244139163774,23.89937106926497,40.96487393066101
2001-07-18,-14.563661162275887,-20.229646522336598,24.83970414870953,41.84460504524414
2001-07-19,-13.016796032534987,-21.54257428275005,22.668941056032,42.275504770970535
2001-07-20,-12.726768040201192,-21.850125122270942,22.299001609266377,41.6301925989751
2001-07-21,-13.083308743414234,-22.252295935284614,22.125141744097572,41.935664836412435
2001-07-22,-12.579037427484508,-22.795753011155767,22.685164250559424,42.38588024893997
2001-07-23,-13.86985260502896,-24.137474747375062,21.32496909482766,41.05795741535231
2001-07-24,-13.95033286894997,-23.887787960796953,18.745766161665966,40.53781197260334
2001-07-25,-13.219688019840476,-25.168561384603162,17.766943258179815,38.927260368454235
2001-07-26,-13.091559230764828,-26.119722959912554,19.167316123644174,39.660440037498745
2001-07-27,-13.804333519875465,-25.937944775559128,17.876310752209747,41.92570783807993
2001-07-28,-12.513843077954036,-24.832258017768783,18.827557922594835,41.79299891279601
2001-07-29,-12.188882605718145,-24.58378582696326,18.467907795171445,41.493660084228196
2001-07-30,-13.942317077417792,-25.23694624435336,19.253445307717985,43.77820515587167
2001-07-31,-14.963668064736703,-25.253009937007985,18.278208967006723,43.13952178271164
2001-08-01,-14.780583345249198,-25.240503500024744,19.489650942324733,42.788650111673945
2001-08-02,-13.919936544068264,-23.595683376745537,20.10368260633841,42.9691002965487
2001-08-03,-12.501055427256393,-22.396394410451244,19.711139161969353,42.459616994668856
2001-08-04,-11.879043291302779,-22.7256644757223,19.96059258568798,42.72847835578284
2001-08-05,-13.542595303069856,-23.558041982290128,20.346239141476477,42.36512305459316
2001-08-06,-15.011621128091043,-23.920198491327962,20.796750596953874,42.267402698646
2001-08-07,-13.857806418554343,-24.763939827737005,18.93145600715099,42.19483530841335
2001-08-08,-15.488619983698692,-24.236421991374062,19.165716386181305,40.344506257447165
2001-08-09,-16.109561423202088,-25.192945468289828,20.613739546421606,39.002249980951824
2001-08-10,-16.45639053504035,-25.151367748943354,19.66924195807526,40.199977715338925
2001-08-11,-16.494231820235285,-25.19283497379223,20.55759314931469,38.902964628387515
2001-08-12,-13.822402268086211,-26.172946335897127,20.051861689500658,38.62306264057945
2001-08-13,-14.047154679720439,-25.252190464231397,18.752333499752556,39.009811562477196
2001-08-14,-13.415350425765002,-24.429800019318304,17.38455193908946,37.32867657390865
2001-08-15,-12.582367780687195,-21.67019283002452,15.906637022000176,38.07614558859063
2001-08-16,-13.46376444891361,-22.752381825813387,17.912001124676713,37.204296875085724
2001-08-17,-13.30267220110068,-23.379694008607654,18.736616448702517,37.808691215117776
2001-08-18,-14.147173043528591,-24.44360457694158,20.094857624967098,37.66558965482498
2001-08-19,-14.253932957732193,-23.992826437221893,20.01098167727901,38.28009644072121
2001-08-20,-15.499318359846367,-23.53359543330029,19.13981707205561,35.96039905760707
2001-08-21,-14.676244959211575,-24.31399864089568,18.78817735488479,36.69686305672832
2001-08-22,-14.786436492314573,-25.00144239659784,17.773525278210922,36.18232330701979
2001-08-23,-14.221977078938728,-27.515354554611875,16.93042983280022,37.499331462059956
2001-08-24,-16.225437531899857,-26.72325710413282,17.59597609641277,37.61764473592353
2001-08-25,-16.153499455195604,-27.85986094869785,17.583547060993958,36.03702241013895
2001-08-26,-15.928999422757142,-28.268578067380787,16.103577559554257,35.31532670581944
2001-08-27,-15.780816952789134,-27.230531567362444,18.427067042035407,35.64460991041938
2001-08-28,-16.25770953418894,-27.01220225984989,19.37625473894501,36.452023634820755
2001-08-29,-17.389197777201485,-26.176920972251903,19.65883971126582,36.298135442252665
2001-08-30,-17.80076554367591,-25.180819596378633,21.878629703184306,37.41767131076677
2001-08-31,-16.897766409897784,-25.25676382246093,22.06568853601958,36.50458673882425
2001-09-01,-16.921699541337134,-25.38822446755899,22.91404661658455,36.78765392074318
2001-09-02,-16.864710726110044,-24.24297253895276,24.030741328345446,37.50653729629602
2001-09-03,-15.830911903716297,-24.630475182140103,22.95260492846952,37.71024068801373
2001-09-04,-15.268260577722861,-24.730417134481527,22.25684866755415,37.6855859049857
2001-09-05,-15.77144675013944,-24.760593193825784,21.561428586616227,36.8619608026044
2001-09-06,-15.53453137807049,-25.156810410664217,21.069315718017883,36.806822302936176
2001-09-07,-14.4855379501485,-24.051060285453453,23.09341537996774,37.65834461337274
2001-09-08,-14.623865147174932,-23.478124171960825,23.294500229035304,38.17866927096944
2001-09-09,-15.353892250214843,-23.73708978078914,23.009516974548784,38.16376267527255
2001-09-10,-16.70194653084144,-24.708742850976762,23.92979354956752,39.203832036820046
2001-09-11,-16.606055034180148,-24.057315143391655,23.12064344370255,39.847297526394364
2001-09-12,-16.133119423490278,-22.941532359639282,23.080869668967868,40.43121095639653
2001-09-13,-16.0538131443455,-23.09328312753674,23.64504908106443,42.78401676919788
2001-09-14,-15.476126547128938,-24.80024583758384,22.85663952529795,42.74578485137133
2001-09-15,-17.070670997772996,-23.080750554070875,25.04101903391022,42.25834943512576
2001-09-16,-17.749324356973524,-22.6844110018962,26.079268967642708,40.816985387191984
2001-09-17,-17.031909101173365,-22.17206535598346,27.87446151710976,39.89726006190174
2001-09-18,-15.606564674379344,-21.032938854669396,25.65402432343959,39.27047505613085
2001-09-19,-15.899888544167386,-21.983718756270843,24.74090615303001,39.47027746379849
2001-09-20,-15.680656946466925,-22.08495411248225,25.212361894418432,41.4614064181347
2001-09-21,-16.057567478326746,-20.784811944559603,25.46010548865979,39.927682912108104
2001-09-22,-15.706157465045154,-20.663207632710048,24.863754755866704,40.43970384486207
2001-09-23,-15.167519729033167,-22.152905891486373,24.430726020219335,39.626210370359665
2001-09-24,-15.770102761373026,-21.52577997722644,25.043814937121898,40.06406133255172
2001-09-25,-14.859276444756741,-22.34528580496769,24.143098721158758,38.078450287909604
2001-09-26,-13.927803750304,-24.50813799982261,22.975789013924146,36.99580902078154
2001-09-27,-10.569559665210637,-25.098551293331393,24.626985780019123,36.80482348938992
2001-09-28,-10.788316775577927,-24.23805989772925,22.9667165646864,36.7962256736441
2001-09-29,-9.648365192073946,-24.21065188120777,21.93864116765033,35.10301074066966
2001-09-30,-9.94884464318416,-23.77550568318779,23.413060948502174,34.49054582953783
2001-10-01,-9.019388677996217,-24.348716738110223,24.22499513036582,34.45935801423879
2001-10-02,-9.459428982487719,-24.90387322589379,25.01844996259888,33.73438134073351
2001-10-03,-9.34250274654773,-25.714563283623615,26.54672457672912,34.185701036522765
2001-10-04,-9.614215472766633,-25.83503034654279,26.69616190147932,35.62400960094348
2001-10-05,-10.039998358688583,-25.325640161677434,27.28352561164072,35.245728517149196
2001-10-06,-11.894788861400775,-25.085622870434584,27.843790469755678,35.47520369109495
2001-10-07,-13.057074186532326,-26.731527000306013,28.460621997251064,34.696079487847896
2001-10-08,-13.237904764908054,-25.72343114500137,28.451148328553085,34.68435234633573
2001-10-09,-12.586329597772329,-26.699954073977022,29.87032378458391,34.862514764128726
2001-10-10,-13.215613800014099,-27.047681296885866,30.901326708473363,37.30593940804996
2001-10-11,-12.981232917612035,-26.7066914412694,31.275887891131696,38.682291270986056
2001-10-12,-12.753932216655318,-26.461209450654152,32.58660618479782,39.30892177964681
2001-10-13,-13.84802055490139,-25.746139107507155,32.20381728873082,39.700807811091956
2001-10-14,-13.997192105797737,-26.585783583111667,33.419767120661184,38.6979430585326
2001-10-15,-12.729663677398644,-26.175311594486068,32.15364050014998,37.694105244195754
2001-10-16,-12.36172024533925,-28.568792174181656,32.256719675807275,36.977711636503315
2001-10-17,-10.649914151070298,-27.922633932841286,32.70234090581311,38.354385561870345
2001-10-18,-9.591739915331546,-29.342859356735545,34.463705700536906,38.43806676725566
2001-10-19,-9.482786727462805,-30.03122329608872,34.45060643716179,38.767569380297374
2001-10-20,-8.882986671060737,-31.043405966528997,36.78889068125882,37.94146623957719
2001-10-21,-8.307066015443786,-30.473991657797335,36.56453330981011,38.23064686713757
2001-10-22,-7.876517287417699,-32.571432047633,36.65141804610397,37.703184032393835
2001-10-23,-7.390403403316884,-33.00365945475916,37.10057190085323,38.73615630627801
2001-10-24,-7.898414532942644,-34.665856857192736,36.22762585525559,39.58514115040897
2001-10-25,-5.695353648419998,-34.978333333305955,34.60593302619663,42.69259611441266
2001-10-26,-5.304431703460622,-36.14535602443404,34.79942298706994,43.48814371909349
2001-10-27,-5.453096395415673,-37.102098811142646,35.73746557811387,42.85929472127813
2001-10-28,-5.578094420657586,-38.16548064503906,35.377322920611846,40.83300156840276
2001-10-29,-4.683686718759961,-38.14940607559936,34.56432950376616,40.9666273531595
2001-10-30,-5.8485159753373495,-38.12598869531966,35.08257403127707,41.542315419288556
2001-10-31,-5.393179198260654,-37.9841348926743,35.033926359179056,41.8145626319103
2001-11-01,-5.629311469659867,-36.90024149324473,34.95095743972132,41.67455766993206
2001-11-02,-4.627456297651041,-37.59688918743174,34.68357847897645,41.39636562168796
2001-11-03,-5.3397673384980155,-36.663352691002345,35.54226234632828,40.81369982167496
2001-11-04,-4.516732081694,-37.65248778108236,35.44936195271593,40.16725830185103
2001-11-05,-4.904220608989348,-38.30291912837367,34.86589629541116,39.864175196191894
2001-11-06,-7.5790257021699325,-37.69004125260096,35.12094843695349,40.25679534222847
2001-11-07,-7.82777252689554,-38.45803272270329,36.38678323745778,41.28180050895549
2001-11-08,-6.023402734479904,-37.663542003256666,36.51318540384681,41.9265897614601
2001-11-09,-6.14883240370531,-36.89630907408179,38.31775098888224,42.78434580550675
2001-11-10,-7.386990324891004,-35.028973675417824,37.36697339349303,43.069126651578856
2001-11-11,-6.079212958094555,-35.737195280446535,37.03049559080291,44.40879763450952
2001-11-12,-6.584184135797807,-36.582325487699414,36.764703990894546,43.790106073214936
2001-11-13,-7.013547129070311,-36.71230925750525,38.86371000145325,43.0575983564785
2001-11-14,-8.609096802752475,-37.967674590663606,38.668211538398204,41.98915845128772
2001-11-15,-8.939579800206854,-38.972523876800004,38.263213329163904,42.554430652362484
2001-11-16,-8.293588945739218,-38.85801206952907,38.755661692603766,44.461171521424234
2001-11-17,-7.264542850295041,-39.81287385415851,37.04410843780824,44.63473466307186
2001-11-18,-8.135441846292064,-39.442841184443566,38.421430785856465,46.66068204693763
2001-11-19,-6.956202609827724,-36.592646139515466,38.29261651190537,47.352732851166294
2001-11-20,-4.3990622381475735,-35.79701858688733,39.081185568306594,48.49541228000949
2001-11-21,-5.6162116270640485,-36.43908734421822,38.41801551874665,46.76545729380505
2001-11-22,-5.1128133089111465,-36.60977061650121,37.79602063226154,47.0683463484857
2001-11-23,-4.7813663379977305,-36.75173264115174,39.734080650210245,45.89372589651377
2001-11-24,-5.492695203562453,-36.16511200401759,38.919406426270136,46.710805251643215
2001-11-25,-5.686071437619391,-36.77206554456729,38.14758436795275,46.795623710597006
2001-11-26,-6.945445982122654,-35.30000452097976,37.68518679140171,48.122629333871885
2001-11-27,-6.717563820609439,-35.23659004854664,38.94463313299509,49.69183489977579
2001-11-28,-5.432194920015284,-35.486660875765395,37.82531875555916,49.71192427798124
2001-11-29,-2.4760077422201707,-35.05237686641239,37.40078276331593,49.74418592026621
2001-11-30,-3.4508660453577074,-34.50414839908472,35.88785736833319,47.99494170294872
2001-12-01,-5.421849229007413,-35.31079543105089,35.99783890907804,49.037196183821266
2001-12-02,-4.822407708332721,-33.041977436138126,36.69613899827992,49.16627158018168
2001-12-03,-3.2168078626193983,-32.60150742356946,38.777029890668466,48.109689950730996
2001-12-04,-3.177582372839456,-36.048254683561254,37.135235902946306,47.16272647949049
2001-12-05,-4.882157318309079,-35.498518808106105,35.27903931786161,45.22763591316824
2001-12-06,-4.705844306765382,-36.92213746102456,34.45896187651813,42.75499787326296
2001-12-07,-4.587737112429964,-37.41445216595384,32.53604862359548,42.98226906653848
2001-12-08,-6.538601127388359,-36.13062350382156,32.83938708496915,44.34732706878496
2001-12-09,-6.797228608605267,-36.799508516437356,32.323390845826154,43.819011883269134
2001-12-10,-6.390176460621238,-36.89882529644589,33.9662159553513,43.763102459599416
2001-12-11,-6.321676853018086,-37.28005310736525,32.33427449795048,43.866860448592064
2001-12-12,-5.551080425795845,-36.159788305693496,32.11648239731137,44.646330974515315
2001-12-13,-5.2621217205050765,-34.572573360185906,29.982587934121483,45.647797059247594
2001-12-14,-6.253192254169937,-34.102364309104836,30.0889754293074,45.58691301383063
2001-12-15,-5.661984851904165,-35.09494983529321,29.433814833219625,43.389556174433714
2001-12-16,-6.580712109557738,-36.485157672887446,28.640787051903278,43.0050744026308
2001-12-17,-6.262240463556058,-35.27908264753569,29.520859445628084,42.527910222989945
2001-12-18,-6.542704197074618,-34.92469410078369,30.208491426593227,43.927732370386664
2001-12-19,-5.820898357133579,-36.67569294172522,31.246552934436853,43.39507270970442
2001-12-20,-4.417703473758676,-37.01695852701785,30.01189195526551,44.097099839165686
2001-12-21,-6.422978601928245,-36.64486923296926,31.104841781143055,45.05566717886555
2001-12-22,-5.774639007344973,-38.61202186245217,30.9077785145976,44.75502061572784
2001-12-23,-5.245303251105608,-38.18098676958037,28.510357461561586,45.08639877661821
2001-12-24,-4.909671080383418,-37.858606538149246,27.526028320838567,46.515281840396234
2001-12-25,-2.9032127878795726,-36.70668210882833,27.842286666134445,46.138876730522036
2001-12-26,-3.5496282919346354,-38.67149476438658,27.50757458703671,47.79958863947134
2001-12-27,-4.078931692485165,-39.951215657372245,27.892352974509556,48.02788793386706
2001-12-28,-4.140088288941721,-41.011002922241055,28.17998203472394,46.04696214606112
2001-12-29,-4.223721661693802,-41.19121187212283,26.541125377616645,45.702583641311776
2001-12-30,-3.5049646721750203,-41.01310814319488,26.884948887309356,45.165384330016536
2001-12-31,-2.7255074832818553,-40.26845887390396,26.941441151807656,44.52692099376103
2002-01-01,-2.1166773424196474,-41.19357609832577,25.22030361007856,44.383068337334805
2002-01-02,-2.348195353863877,-41.35426698778005,25.92498775151187,44.085391085490286
2002-01-03,-2.7440044993987036,-41.4483801187062,23.829388772004837,42.84333657109695
2002-01-04,-3.6582237589421696,-40.961231005210124,22.845846055380527,42.98717467760614
2002-01-05,-4.26225434376578,-40.06321356285006,22.010946256065374,40.957654182239644
2002-01-06,-4.9395526185461955,-40.10917261608171,22.51918237919802,41.82133119754032
2002-01-07,-5.543960176081787,-39.88118056890525,23.640233385403544,41.81013565621561
2002-01-08,-6.161038836420371,-38.38718311746304,24.95339335347656,40.98393779613155
2002-01-09,-5.706071922928373,-39.3023766491784,25.51740498935982,40.818099184160296
2002-01-10,-5.656449499083005,-38.57433679776513,25.405188166736288,38.63428309315798
2002-01-11,-6.007488658103995,-38.4201680762896,25.180073014687693,38.28064198311983
2002-01-12,-5.865010921580676,-39.4295719742516,25.348497356422104,37.450841366158016
2002-01-13,-4.9660128521244,-39.40207576897274,24.882960211399062,37.07753464261498
2002-01-14,-4.615855531509674,-39.34169627844294,25.086140616870455,37.949111727356865
2002-01-15,-3.645947132307526,-37.96045364226685,24.240016237997224,38.07243424515227
2002-01-16,-2.8481823049352775,-36.47751748452869,24.24861187465549,39.84836055411278
2002-01-17,-2.3936235211659733,-34.9025436655206,25.537816813363108,37.67588050921618
2002-01-18,-1.1491506176831359,-34.00989998623361,26.33683271753498,36.838208430165096
2002-01-19,-2.108751661539973,-34.076597120211694,25.98330042968127,36.61790695855803
2002-01-20,-1.786692084803587,-32.567013878553,26.178770521286843,36.57237617189591
2002-01-21,-0.05887367628276685,-32.00008680675584,25.230656503645108,36.42308743112218
2002-01-22,-0.47206682190088683,-33.41624357517493,25.69593741785531,36.156105219041876
2002-01-23,0.4986615666527658,-32.13425845749218,26.524370587239837,37.01877675435478
2002-01-24,-1.0879112656359802,-32.85024222594719,26.520124395571248,36.88038395159446
2002-01-25,-2.0480079113820007,-33.895456357654915,25.791593901175332,38.34940373790242
2002-01-26,-0.5419551761028896,-35.03598261104897,25.61532326806084,38.546605766190524
2002-01-27,0.019028271696391097,-34.88943838276435,25.74496299609994,36.85197467968434
2002-01-28,0.27121659813055893,-36.07363794112504,26.111594151460945,36.48207823742642
2002-01-29,-0.32597261554463913,-37.62209174993,25.509620078309553,35.675650029227846
2002-01-30,0.2387358542362767,-38.75932634297158,24.82085193803539,36.25044914760956
2002-01-31,1.349118831346004,-37.705550309162184,23.353353703846714,36.12616970349933
2002-02-01,0.7954916970932412,-37.40005905836143,25.066107134586787,35.01764851577128
2002-02-02,1.9988779416726095,-36.92358305211906,25.00186822343241,34.9580991821619
2002-02-03,2.646690084261488,-36.15766749667351,26.210096739469176,35.69882195591024
2002-02-04,1.6339532699245143,-35.533359870600265,26.313151720870348,35.479766581152695
2002-02-05,1.922427918289304,-36.42729333156918,26.282639982652537,36.46897281970855
2002-02-06,0.6961046299107871,-37.59166334923129,27.092431818483863,37.056423159883714
2002-02-07,0.7448543114864609,-36.938967979649846,26.328964313538172,37.46442923732865
2002-02-08,-0.5771500888819964,-35.80259592046028,26.053827571736093,38.05939195483171
2002-02-09,0.6685871555201518,-35.94066140321929,25.688830220273168,37.828420092247335
2002-02-10,0.321493123492624,-34.943318693729,24.734638148415275,36.82840426559323
2002-02-11,1.5178777480646972,-36.18488960266748,24.223136146767303,35.52403643872498
2002-02-12,1.9492453298025618,-37.1148348307672,25.673549929176268,33.23612664546156
2002-02-13,2.106180052095647,-36.45729381971579,24.924477880495274,33.47127387541033
2002-02-14,3.1607852386720117,-37.36874548893705,24.927312137877475,33.43213336095979
2002-02-15,2.330843672000574,-36.69304133166682,24.028544923834957,34.03856085379821
2002-02-16,2.283066861905673,-37.3606851817556,22.782139388371796,34.24302895738722
2002-02-17,2.5378831857178388,-38.14185556663179,23.586430053842495,33.2823930426486
2002-02-18,1.3459826501716416,-38.100086223936074,22.626424082409034,33.581203763042396
2002-02-19,2.169283728858602,-38.966401428464586,21.658257914926303,33.41601077602891
2002-02-20,1.9318249289716753,-38.566761290102434,22.943188875078416,32.30428959602509
2002-02-21,2.1675303884832244,-37.76146346427357,22.59865640086699,32.96610946540929
2002-02-22,0.8387018178595598,-38.09565772673336,24.413386895209417,34.08947937804427
2002-02-23,0.47168780177684694,-39.503122133925416,24.48094740371552,32.41169471858437
2002-02-24,0.07752662266548188,-40.56515621033892,24.84682034255601,31.965492367635985
2002-02-25,0.06746491108014598,-40.57678187315638,24.853334261232522,32.78597648608465
2002-02-26,0.6773676974875604,-39.7403303924944,25.088866000863888,33.89611308247192
2002-02-27,-0.12510809022284897,-39.13682326751366,25.780772165929545,32.006090410207406
2002-02-28,1.2573624045533351,-40.30344705650746,25.518050152409092,31.840550543757896
2002-03-01,1.4432523983593646,-38.7782561697949,25.29345415959335,33.51292567012722
2002-03-02,1.2435722246848904,-39.07701081184326,27.33709696229605,33.741306128061
2002-03-03,1.1147561961125145,-40.737567892272054,26.827540306228297,33.12225031959529
2002-03-04,3.1489683528951384,-41.67486229060261,26.33315969469429,32.548946954658405
2002-03-05,4.341520615274558,-42.04578410592453,25.77411707833505,32.3254804548299
2002-03-06,2.761838987069688,-43.27554893934838,24.00654439903948,32.20055582071179
2002-03-07,3.474714076791001,-44.38047012625209,23.829760451783848,31.10822946078512
2002-03-08,2.3630751233111518,-45.044862018141245,24.199692339121622,31.92058917006865
2002-03-09,1.258031460835368,-45.954441306277204,24.54575917298318,30.69205090424892
2002-03-10,1.7170533503278977,-46.162573684039266,24.162207262902072,30.7911841158133
2002-03-11,0.9180225667325946,-47.6780350434526,23.696303419527048,29.457632425305466
2002-03-12,0.27768248131036655,-47.928471528573446,25.438659743035423,28.4404839441243
2002-03-13,1.5020212108011006,-49.008565829839654,25.772866386263455,29.673695033177342
2002-03-14,0.4454702141893363,-48.839562500653585,26.173057800530565,28.781591576396806
2002-03-15,-1.4647671545796035,-49.299092150238245,25.842512534247426,30.604929342799
2002-03-16,-0.9971233799056748,-49.970332936368386,26.654982479990693,32.23160686634769
2002-03-17,-0.3193889371966453,-50.414571631088336,27.612527428236238,32.98023899043514
2002-03-18,-0.5420701155135401,-51.6611772786351,26.007463617117818,33.29733193658264
2002-03-19,0.7745378297605672,-51.230006598578065,26.05052485395647,33.89643111435786
2002-03-20,-0.2992340517575527,-52.87426621865857,25.560511143803435,35.75174153549831
2002-03-21,-1.4372416183735288,-52.52193607508813,25.89816240463396,36.51640578857352
2002-03-22,0.10980761264373551,-51.814727910709934,25.313843949708428,36.529568722171796
2002-03-23,2.1336828369268055,-52.5133866595174,24.26024353192026,36.21495278475917
2002-03-24,1.9769745800757512,-51.50725996802661,26.068267824428208,36.12151113384515
2002-03-25,0.10812517237411745,-49.065377523610536,25.74850389575058,36.22920629481407
2002-03-26,-0.7180680148131937,-49.53346318755321,26.93912429483283,35.73463731108099
2002-03-27,-1.17660532151385,-50.07521533363106,27.17088056694759,35.5164397835378
2002-03-28,-1.2080045802409325,-50.04020088811543,27.63201307219196,36.04072305175498
2002-03-29,-1.1886803273811821,-50.479276817417045,26.355256311129068,36.29808585305319
2002-03-30,-1.392841735586033,-50.26010885547529,26.442408781041753,34.90062113670079
2002-03-31,-1.5018760392343657,-50.321226454833656,27.439062464461127,34.96956727731284
2002-04-01,-3.4894925753017754,-51.4871889221309,28.088146640854298,35.11357879451026
2002-04-02,-3.7009090854855984,-51.29642623742067,29.112346406821555,36.217539807069016
2002-04-03,-3.784322745000235,-50.09830484242079,29.627092095298472,35.519632958690714
2002-04-04,-2.985154138311581,-49.778062262076844,30.169897792742105,35.40173568421739
2002-04-05,-4.989960080804099,-50.70806245851118,29.931665204978312,36.427150096961086
2002-04-06,-5.054863456903257,-50.47066304130439,31.387771448027728,36.109770930042394
2002-04-07,-4.0544885783060005,-50.00171036936239,30.32204294495757,36.40965215761216
2002-04-08,-3.890458379399958,-50.241643432194316,30.0353600181357,35.94463694547463
2002-04-09,-4.3362630550938075,-50.46017729204176,30.278352893805202,36.999998400860484
2002-04-10,-3.687180464469913,-51.0530228837151,29.993298348418342,36.91529253278579
2002-04-11,-2.6234464030918225,-52.29274869074739,31.335797144551815,37.32463104296449
2002-04-12,-3.714502022168408,-51.52304801897621,30.25105792148633,37.044843887815
2002-04-13,-3.2345385541688816,-52.551590571306946,29.63722691186381,36.96312360783606
2002-04-14,-2.926541909431451,-53.34031107390457,29.74771632993244,38.100827006900225
2002-04-15,-1.795959858595032,-52.02676411454565,29.232842288030135,35.223899810969264
2002-04-16,-1.234415776449111,-51.58738745256176,29.60231623646159,33.79909407086524
2002-04-17,-1.3761476669279042,-51.54729975681303,28.23550688653434,34.85221672961578
2002-04-18,0.34421335990989754,-51.76583692533732,27.26974283741725,34.061393144523734
2002-04-19,-1.210584746980547,-51.75214669928173,27.285042428654275,33.98452557019332
2002-04-20,-1.8867673676311971,-53.364717972530826,28.03882074532344,34.136605095378414
2002-04-21,-2.2149899314404458,-53.5099985976711,28.82275867009085,34.74648449521827
2002-04-22,-1.5119502380624446,-53.94965944621955,29.332302465581776,35.88121025571396
2002-04-23,-2.052475760971701,-53.701870037763584,28.566021811124866,34.88226342315923
2002-04-24,-3.643131970700188,-52.67507699987103,28.854325756802925,36.66547970466486
2002-04-25,-3.185151867933787,-52.22128049179432,28.940261154579268,36.93107166940351
2002-04-26,-2.1359365786190976,-51.93751726149671,30.76335231387068,37.071460323770765
2002-04-27,-2.2249411639680536,-53.237497647181726,31.860788482509342,37.07531458698274
2002-04-28,-2.698631678305371,-52.52532891656305,32.20885040610944,37.549792633286536
2002-04-29,-0.6911438764599991,-52.85020540667237,31.38786010550561,38.483368133469135
2002-04-30,-1.4051823820232907,-52.89859589539876,31.93478523134036,39.381814409675194
2002-05-01,-0.6793978994550455,-52.56280461954923,31.109292381019664,39.892280330467166
2002-05-02,-0.10586801413112801,-53.80034536961993,30.174816007447188,39.875082955513136
2002-05-03,-0.44940587644882996,-53.986223927311705,31.926414013886447,40.771877140048666
2002-05-04,0.12248027041213033,-53.68120022671454,31.288935064342592,40.292621547864606
2002-05-05,0.4402194604295173,-52.734244560505495,31.891142583399166,38.49304456046283
2002-05-06,-0.07213885452450441,-51.62443347341457,31.10022664742953,39.127978356168825
2002-05-07,0.560955849726096,-51.53912743589997,30.75844004281096,37.502195459856345
2002-05-08,0.5648880849353357,-51.40982137733185,31.389901848658738,38.452814660089984
2002-05-09,0.6481033467034405,-50.85062937509588,31.575642237175778,38.46977160689779
2002-05-10,1.7224592749172167,-51.24966387203334,31.691570395402668,39.507133594330384
2002-05-11,1.6938245882779421,-49.79920088278899,32.4168895461809,39.51154119478056
2002-05-12,0.9495946824351931,-50.759280173333046,32.51258101217242,39.22539129691499
2002-05-13,1.7650847402018157,-50.73348403193783,32.07499150206987,38.18044012405273
2002-05-14,1.5199048463887934,-50.32983644513909,29.98713566622291,37.34617062256069
2002-05-15,1.6018965629485535,-49.22833693994676,29.18842537740258,37.64003378492683
2002-05-16,1.8687066848986968,-50.605064621090634,28.64974679870135,38.04441623952064
2002-05-17,1.6732575030286583,-51.09210301757752,28.344835138591307,38.95011759706267
2002-05-18,1.2858656151708703,-52.73947883094332,27.417574196666088,39.72890564206029
2002-05-19,1.7830727410210898,-52.841840440000794,26.651140512109272,39.338610068647895
2002-05-20,0.9821654241053707,-53.09561849351875,27.01303453331388,40.289341323904004
2002-05-21,1.5188030305437872,-53.35869461145219,28.686977958909317,41.7722942671948
2002-05-22,1.3262914105632164,-53.1925759127187,28.169694911406953,40.72465089518204
2002-05-23,0.4419096166523657,-54.11780544400508,26.662911385742056,40.78354251570178
2002-05-24,-0.943373859199339,-52.61733397472021,28.61159277053094,41.01346183360065
2002-05-25,-2.950935143352531,-52.2115938571977,27.780054426378914,43.463062959438695
2002-05-26,-1.8403109322035265,-52.66828655865335,27.13610637719466,42.244814586232735
2002-05-27,-2.408839118411083,-52.37141415034054,27.20391685776583,43.39836272676827
2002-05-28,-0.33964772797754605,-51.66340257477909,27.12516692555359,41.956940974672825
2002-05-29,-2.8750705940787493,-49.42250372506553,26.419401291845517,42.2876354904663
2002-05-30,-3.380389422266026,-48.73107209384973,26.37183079050319,42.21407014109613
2002-05-31,-3.693212417684319,-48.699545983659625,26.701081098525773,42.58830178034717
2002-06-01,-4.802534914215297,-49.154929570020926,25.84990335380764,41.55809042934436
2002-06-02,-4.162031812732035,-48.890256130086236,24.762213987598457,39.99030180490212
2002-06-03,-4.282926959585359,-50.46184479356416,26.522745575248347,40.10933329789986
2002-06-04,-3.40929966046054,-51.03928400904955,27.65127502705369,39.680618739160074
2002-06-05,-2.899962956710648,-52.87377693464941,28.139676462766456,39.333244466738996
2002-06-06,-1.8065385757092478,-52.18769510751595,28.108068938646365,39.90036414409893
2002-06-07,-1.414580819853125,-50.82243117663868,27.41360156471692,39.65085601207564
2002-06-08,-1.3604171339042832,-51.521086524346856,27.429501161693356,39.94882165145443
2002-06-09,-1.5140959997361858,-51.78974071832238,26.8021810384843,42.067745531868034
2002-06-10,-1.2806524919446893,-51.49448461997066,28.574256137446586,42.52078799021925
2002-06-11,-1.1453058286489228,-49.666834910365544,31.419219361335443,41.697400948547305
2002-06-12,-1.1022561185484325,-48.72176903632666,32.84821917100919,42.078461213875094
2002-06-13,-0.5717227343670265,-48.184815890117854,33.16619675230107,40.96790368128125
2002-06-14,-0.6815292952467393,-48.511337756476294,33.267393166591745,40.16049167307708
2002-06-15,-0.8164756569359376,-47.89277575715275,32.761856754469726,39.80022131624674
2002-06-16,-1.8609699954948833,-48.31973597084328,33.0242822595641,39.89022061623732
2002-06-17,-2.0833995586041776,-49.72231136408061,33.23548332922259,39.88510369905898
2002-06-18,-0.13642727798417842,-47.75031686096626,32.49721133007591,40.160951804597076
2002-06-19,-0.13088716322610064,-48.42862256359721,32.17260775068958,40.32775603524868
2002-06-20,-1.1675381294313316,-47.3452083613278,30.764652207157685,40.08094977843832
2002-06-21,-1.2069485295591205,-45.38379271069318,30.4754554307377,39.80898981425377
2002-06-22,-3.116177163955233,-45.63576952893345,30.777671939840033,38.952034550437425
2002-06-23,-2.5399541910556693,-45.22507857266122,30.51209224530551,38.053370731064255
2002-06-24,-2.888468909156848,-45.20675986676003,30.541900074148387,38.320990331699605
2002-06-25,-2.9885180560039486,-45.72185946248901,30.63025196766733,38.35367205081061
2002-06-26,-2.54144766404187,-44.6066776929717,30.85690677557105,38.85338631951276
2002-06-27,-4.255262270156711,-44.00359974435618,31.684218801144215,39.888749950415765
2002-06-28,-4.591919511711727,-43.01238951783795,31.043146478117137,39.563094169665305
2002-06-29,-4.041457616338845,-41.894217770724154,32.469271748933835,39.16633183600517
2002-06-30,-3.072015837307497,-43.2142929666052,31.547667596363077,40.52131302438081
2002-07-01,-1.3524786209160482,-45.354960221250366,32.421361122440814,41.27304170507225
2002-07-02,-1.5411269567972141,-42.555581140922335,30.99880581741063,41.863110773104026
2002-07-03,-0.5684769204763505,-42.42925728687348,32.07705126678244,41.817488671589864
2002-07-04,0.06896761168856314,-43.55798190161881,32.46363602680087,41.997458395326326
2002-07-05,1.2330553262986106,-44.0503269091765,32.52394102239642,41.098875409478744
2002-07-06,2.18326141092285,-43.6091740914593,35.050781818471705,40.56169538324267
2002-07-07,0.5634937236705928,-45.807723857265955,35.71498108309749,40.695650374905156
2002-07-08,0.9591026063858281,-47.06811120780847,34.54992114160056,40.96677780028714
2002-07-09,0.569750575366456,-47.39723006691,34.32648110718271,40.38914263900467
2002-07-10,-0.7857277846503217,-46.43725675689446,34.22960327792592,42.3901083130849
2002-07-11,-1.6920177969350987,-46.821654621955275,33.80378862932216,44.009639788644456
2002-07-12,-1.4144209728587156,-45.9656590369991,35.08724807495423,42.16865028715125
2002-07-13,-1.0654764926235032,-46.40884236497605,35.89132754432853,41.39779921034158
2002-07-14,-1.7020447929250897,-46.51748525796691,34.622699039628195,42.19763228074792
2002-07-15,-2.24509475577303,-46.76584764358745,34.985527466278235,40.47729938584577
2002-07-16,-1.1415194449698522,-48.99770517777435,36.63014805490324,40.57868974765822
2002-07-17,-0.925819928477188,-49.30038437499429,36.33252192142714,40.172490839782775
2002-07-18,-1.4521291375028318,-49.54414434876738,37.07826566055174,39.23384753757868
2002-07-19,-1.0552143491119146,-51.17500282815537,38.56260465120288,38.10874310449211
2002-07-20,-0.6272528817806562,-51.301056348921,40.34502282261656,38.93966578065852
2002-07-21,0.1675958365118243,-49.34235949640061,39.68100413486893,37.45426748824191
2002-07-22,1.0683226760300837,-47.487558528876455,40.79719598816629,36.52972494098783
2002-07-23,1.9333250669086168,-46.67169960971486,39.441865353458084,37.337903219196825
2002-07-24,2.538809097968771,-47.25606278308451,39.40257878093734,37.818810425280084
2002-07-25,2.1717578014547723,-47.290301559087034,42.696091875182034,37.20438914586467
2002-07-26,1.7919136107533067,-46.458705527473484,41.621318928007845,37.8217481608556
2002-07-27,1.1674921782977608,-46.30996623090873,42.63481309773168,38.348907791490696
2002-07-28,1.68915894460928,-46.4112868896763,43.79639239186641,38.08756701148143
2002-07-29,0.6172150663137201,-47.3629911856775,45.577677129379545,37.922080122293345
2002-07-30,0.7955588280946785,-49.16129512027781,44.89618254793752,38.42966321856564
2002-07-31,0.7614344482079791,-51.17707358640362,44.66783200715323,38.15072752822909
2002-08-01,1.4484851677500175,-52.0073293930552,44.070551121387794,38.904934011252884
2002-08-02,1.1962904334079831,-50.519779613531576,43.78547635775503,38.82877339585855
2002-08-03,0.27602999896892666,-51.42803311542232,44.086591023693025,39.219900613054946
2002-08-04,-0.4117687143634564,-49.76974965687839,42.57880786976225,40.69847386458137
2002-08-05,-0.3825323376020891,-50.54399045400219,42.56698729527112,41.90862757816248
2002-08-06,-1.9693373293456078,-50.04853389172497,42.83940709485836,43.46694919525918
2002-08-07,-0.6360103712081115,-49.42373375516405,44.146815064899705,44.603754656400774
2002-08-08,-1.1746447019074169,-49.2138332519901,44.05146924852031,44.09668563875881
2002-08-09,-1.6760155167336912,-50.015002646954926,44.95928128441152,45.301128374217065
2002-08-10,-2.0077974209427687,-49.79331060559009,44.82572286424447,46.12324131819947
2002-08-11,-2.1698399525394927,-49.909948685407926,42.63150879617002,47.09494376031906
2002-08-12,-2.5692942754591965,-49.29892951463281,41.86906335214668,47.6250014361184
2002-08-13,-1.5846712084688837,-50.15124837379787,39.75119042032337,48.20856204133266
2002-08-14,-3.2543111722861187,-49.70465090778717,39.82433974070095,49.66244628520449
2002-08-15,-3.0585639266714635,-50.76322146302154,38.76444981210422,49.18952217531431
2002-08-16,-3.992910751035163,-49.94234941113844,37.67591750725874,50.40863100677156
2002-08-17,-2.4958920148133554,-51.504993507747976,36.79822140046681,50.546248228297145
2002-08-18,-1.5157754810056887,-51.50566703766063,36.49808123494059,49.732728586676025
2002-08-19,-1.3427705949693618,-51.56774646471154,37.03955822438312,46.59942414159786
2002-08-20,-1.8678112754248275,-52.341328130732286,37.510384827264474,46.49064367531717
2002-08-21,-2.766747844542503,-49.238853521516766,38.20578743970901,47.710732844433736
2002-08-22,-2.3347730548706216,-48.045755081347544,38.93182977046917,46.9876112960644
2002-08-23,-2.2146271720993584,-48.262591192925484,38.704275908375955,46.608981274353624
2002-08-24,-1.9124564053485562,-48.938823840547855,38.715124058163106,47.20762476512877
2002-08-25,-2.852177642335958,-47.513068966145,39.48124960064415,47.420698682427535
2002-08-26,-2.3218214426460397,-47.923048440985575,39.60918469893063,47.33642454329245
2002-08-27,-2.7799021915460616,-48.80885611021827,39.34669810756922,48.32159506368821
2002-08-28,-2.3616790634399907,-49.25570285351225,38.89536625657541,49.30794320219032
2002-08-29,-3.133232297870258,-50.17498077077475,38.418517275313384,49.18922410284276
2002-08-30,-2.8113819043367116,-48.09867000351485,38.13370225414699,47.94609699678896
2002-08-31,-2.8833420150076305,-47.07514147236638,38.94008670482742,49.81620433754593
2002-09-01,-1.8505226926956106,-48.27369762716105,39.035097522095036,49.9447521781123
2002-09-02,-1.991150096316937,-47.85487210967504,38.1338552228213,48.494500065830294
2002-09-03,-0.26581382927195474,-48.07474165044959,38.26351807508727,49.71510960368352
2002-09-04,-1.731185686506364,-48.53086298902504,37.762672924268195,49.54387637460045
2002-09-05,0.042565977284202194,-47.85883589335079,38.24296793193164,48.56786741275296
2002-09-06,-0.20235161024456078,-47.97223656428424,37.025318400877985,48.007137702833745
2002-09-07,-1.0315236629631586,-47.343725969086606,37.70533306583193,48.59845264430164
2002-09-08,-1.2866468950828551,-47.46755733646375,37.86572431125876,50.43347382987415
2002-09-09,-1.522353133529441,-48.67977777105279,37.56748643673532,50.4225786898112
2002-09-10,-1.0404571181657052,-48.867295660711356,37.079452647550426,50.93966005996598
2002-09-11,-2.5892257039281894,-47.61859465874813,36.378788761728515,51.02599725372385
2002-09-12,-3.391242047054239,-47.29326135122745,36.43188966894235,50.356010082416546
2002-09-13,-3.6284364217588103,-47.02444666843312,37.02074985726419,51.307422096611546
2002-09-14,-4.606993227404194,-47.295101704160174,38.5424671290772,51.06746033494904
2002-09-15,-4.061604113315133,-46.60807807532758,39.18992520786872,50.82473349668747
2002-09-16,-3.0380908033629725,-47.33855044479437,41.44243086267844,50.11292561837345
2002-09-17,-4.16493565356578,-47.04382396752166,42.26449565682711,49.46357873665839
2002-09-18,-4.78697483011003,-45.67530580153224,42.525787231450145,50.92239704804382
2002-09-19,-6.0226486992680535,-46.36606804940367,42.33205185594612,50.91650662615026
2002-09-20,-5.942960515311113,-46.0707956706886,40.61500976954864,50.17080931578003
2002-09-21,-5.835331699572978,-46.89540990956382,41.415606583453325,48.53510471934021
2002-09-22,-7.5270232615053985,-47.258535658903945,40.35098044919741,47.876448403444456
2002-09-23,-8.32873154756691,-47.86065858038826,40.98722099243497,46.455528443289275
2002-09-24,-9.182516576830963,-47.965200575539754,40.719047107821766,46.05587903249269
2002-09-25,-9.128518943500795,-49.012842390278394,40.614096161370334,46.238184388477784
2002-09-26,-8.084845910316057,-50.36209870311077,40.33794464724778,46.17074201324583
